id	jurisdiction	full_name
caljp	C	State of California Commission On Judicial Performance
fcc	C	Decisions of the Federal Communications Commission
ohiobar	C	Board of Commissioners On The Unauthorized Practice of Law State of Ohio
ohiocivright	C	Ohio Civil Rights Commission
usjc	C	United States Judicial Conference Committee
ca1	F	Court of Appeals for the First Circuit
ca10	F	Court of Appeals for the Tenth Circuit
ca11	F	Court of Appeals for the Eleventh Circuit
ca2	F	Court of Appeals for the Second Circuit
ca3	F	Court of Appeals for the Third Circuit
ca4	F	Court of Appeals for the Fourth Circuit
ca5	F	Court of Appeals for the Fifth Circuit
ca6	F	Court of Appeals for the Sixth Circuit
ca7	F	Court of Appeals for the Seventh Circuit
ca8	F	Court of Appeals for the Eighth Circuit
ca9	F	Court of Appeals for the Ninth Circuit
caca	F	Circuit Court for California
cadc	F	Court of Appeals for the D.C. Circuit
cafc	F	Court of Appeals for the Federal Circuit
circtcapefearnc	F	U.S. Circuit Court District of Cape Fear (North Carolina)
circtdal	F	U.S. Circuit Court for the District of Alabama
circtdalb	F	U.S. Circuit Court District of Albemarle (North Carolina)
circtdalbanyny	F	U.S. Circuit Court for the District of Albany New York
circtdar	F	U.S. Circuit Court for the District of Arkansas
circtdca	F	U.S. Circuit Court for the District of California
circtdco	F	U.S. Circuit Court for the District of Colorado
circtdct	F	U.S. Circuit Court for the District of Connecticut
circtddc	F	U.S. Circuit Court for the District of District of Columbia
circtdedenton	F	U.S. Circuit Court District of Edenton (North Carolina)
circtdel	F	U.S. Circuit Court for the District of Delaware
circtdga	F	U.S. Circuit Court for the District of Georgia
circtdia	F	U.S. Circuit Court for the District of Iowa
circtdid	F	U.S. Circuit Court for the District of Idaho
circtdil	F	U.S. Circuit Court for the District of Illinois
circtdin	F	U.S. Circuit Court for the District of Indiana
circtdks	F	U.S. Circuit Court for the District of Kansas
circtdky	F	U.S. Circuit Court for the District of Kentucky
circtdla	F	U.S. Circuit Court for the District of Louisiana
circtdma	F	U.S. Circuit Court for the District of Massachusetts
circtdmd	F	U.S. Circuit Court for the District of Maryland
circtdme	F	U.S. Circuit Court for the District of Maine
circtdmi	F	U.S. Circuit Court for the District of Michigan
circtdmn	F	U.S. Circuit Court for the District of Minnesota
circtdmo	F	U.S. Circuit Court for the District of Missouri
circtdms	F	U.S. Circuit Court for the District of Mississippi
circtdmt	F	U.S. Circuit Court for the District of Montana
circtdnd	F	U.S. Circuit Court for the District of North Dakota
circtdne	F	U.S. Circuit Court for the District of Nebraska
circtdnewbern	F	U.S. Circuit Court District of New Bern (North Carolina)
circtdnh	F	U.S. Circuit Court for the District of New Hampshire
circtdnj	F	U.S. Circuit Court for the District of New Jersey
circtdnv	F	U.S. Circuit Court for the District of Nevada
circtdoh	F	U.S. Circuit Court for the District of Ohio
circtdor	F	U.S. Circuit Court for the District of Oregon
circtdpa	F	U.S. Circuit Court for the District of Pennsylvania
circtdpamptico	F	U.S. Circuit Court District of Pamptico (North Carolina)
circtdri	F	U.S. Circuit Court for the District of Rhode Island
circtdsc	F	U.S. Circuit Court for the District of South Carolina
circtdsd	F	U.S. Circuit Court for the District of South Dakota
circtdterrar	F	U.S. Circuit Court for the District of Territory of Arkansas
circtdtx	F	U.S. Circuit Court for the District of Texas
circtdut	F	U.S. Circuit Court for the District of Utah
circtdva	F	U.S. Circuit Court for the District of Virginia
circtdvt	F	U.S. Circuit Court for the District of Vermont
circtdwa	F	U.S. Circuit Court for the District of Washington
circtdwi	F	U.S. Circuit Court for the District of Wisconsin
circtdwilm	F	U.S. Circuit Court District of Wilmington (North Carolina)
circtdwv	F	U.S. Circuit Court for the District of West Virginia
circtdwy	F	U.S. Circuit Court for the District of Wyoming
circtedar	F	U.S. Circuit Court for the District of Eastern Arkansas
circtedil	F	U.S. Circuit Court for the Eastern District of Illinois
circtedky	F	U.S. Circuit Court for the District of Eastern Kentucky
circtedla	F	U.S. Circuit Court for the District of Eastern Louisiana
circtedmi	F	U.S. Circuit Court for the District of Eastern Michigan
circtedmo	F	U.S. Circuit Court for the District of Eastern Missouri
circtednc	F	U.S. Circuit Court for the District of Eastern North Carolina
circtedny	F	U.S. Circuit Court for the District of Eastern New York
circtedok	F	U.S. Circuit Court for the District of Eastern Oklahoma
circtedpa	F	U.S. Circuit Court for the District of Eastern Pennsylvania
circtedsc	F	United States Circuit Court for the Eastern District of South Carolina
circtedtn	F	U.S. Circuit Court for the District of Eastern Tennessee
circtedtx	F	U.S. Circuit Court for the District of Eastern Texas
circtedva	F	U.S. Circuit Court for the District of Eastern Virginia
circtedwa	F	U.S. Circuit Court for the District of Eastern Washington
circtedwi	F	U.S. Circuit Court for the District of Eastern Wisconsin
circtmdal	F	U.S. Circuit Court for the District of Middle Alabama
circtmdpa	F	U.S. Circuit Court for the District of Middle Pennsylvania
circtmdtn	F	U.S. Circuit Court for the District of Middle Tennessee
circtmissterr	F	U.S. Circuit Court for the Mississippi Territory
circtnc	F	U.S. Circuit Court for the District of North Carolina
circtndal	F	U.S. Circuit Court for the District of Northern Alabama
circtndca	F	U.S. Circuit Court for the District of Northern California
circtndfl	F	United States Circuit Court for the Northern District of Florida
circtndga	F	U.S. Circuit Court for the Northern District of Georgia
circtndil	F	U.S. Circuit Court for the Northern District of Illnois
circtndms	F	U.S. Circuit Court for the District of Northern Mississippi
circtndny	F	U.S. Circuit Court for the District of Northern New York
circtndoh	F	U.S. Circuit Court for the District of Northern Ohio
circtndtx	F	U.S. Circuit Court for the District of Northern Texas
circtndwv	F	U.S. Circuit Court for the District of Northern West Virginia
circtnia	F	U.S. Circuit Court for the District of Northern Iowa
circtny	F	U.S. Circuit Court for New York
circtsdal	F	U.S. Circuit Court for the District of Southern Alabama
circtsdca	F	U.S. Circuit Court for the District of Southern California
circtsdfl	F	United States Circuit Court for the Southern District of Florida
circtsdga	F	U.S. Circuit Court for the Southern District of Georgia
circtsdia	F	U.S. Circuit Court for the Southern District of Iowa
circtsdil	F	U.S. Circuit Court for the Southern District of Illnois
circtsdms	F	U.S. Circuit Court for the District of Southern Mississippi
circtsdny	F	U.S. Circuit Court for the District of Southern New York
circtsdoh	F	U.S. Circuit Court for the District of Southern Ohio
circtsdtex	F	U.S. Circuit Court for the District of Southern Texas
circtsdwv	F	U.S. Circuit Court for the District of Southern West Virginia
circttenn	F	U.S. Circuit Court for the District of Tennessee
circtwdar	F	U.S. Circuit Court for the District of Western Arkansas
circtwdky	F	U.S. Circuit Court for the District of Western Kentucky
circtwdla	F	U.S. Circuit Court for the District of Western Louisiana
circtwdmi	F	U.S. Circuit Court for the District of Western Michigan
circtwdmo	F	U.S. Circuit Court for the District of Western Missouri
circtwdnc	F	U.S. Circuit Court for the District of Western North Carolina
circtwdny	F	U.S. Circuit Court for the District of Western New York
circtwdok	F	U.S. Circuit Court for the District of Western Oklahoma
circtwdpa	F	U.S. Circuit Court for the District of Western Pennsylvania
circtwdtex	F	U.S. Circuit Court for the District of Western Texas
circtwdtn	F	U.S. Circuit Court for the District of Western Tennessee
circtwdva	F	U.S. Circuit Court for the District of Western Virginia
circtwdwa	F	U.S. Circuit Court for the District of Western Washington
circtwdwi	F	U.S. Circuit Court for the District of Western Wisconsin
ctappindterr	F	Court Of Appeals Of Indian Territory
indcirct	F	Indiana Circuit Court
scotus	F	Supreme Court of the United States
uscirct	F	United States Circuit Court
akb	FB	United States Bankruptcy Court, D. Alaska
almb	FB	United States Bankruptcy Court, M.D. Alabama
alnb	FB	United States Bankruptcy Court, N.D. Alabama
alsb	FB	United States Bankruptcy Court, S.D. Alabama
arb	FB	United States Bankruptcy Court, D. Arizona
areb	FB	United States Bankruptcy Court, E.D. Arkansas
arwb	FB	United States Bankruptcy Court, W.D. Arkansas
cacb	FB	United States Bankruptcy Court, C.D. California
caeb	FB	United States Bankruptcy Court, E.D. California
canb	FB	United States Bankruptcy Court, N.D. California
casb	FB	United States Bankruptcy Court, S.D. California
cob	FB	United States Bankruptcy Court, D. Colorado
ctb	FB	United States Bankruptcy Court, D. Connecticut
dcb	FB	United States Bankruptcy Court, District of Columbia
deb	FB	United States Bankruptcy Court, D. Delaware
flmb	FB	United States Bankruptcy Court, M.D. Florida
flnb	FB	United States Bankruptcy Court, N.D. Florida
flsb	FB	United States Bankruptcy Court, S.D. Florida.
gamb	FB	United States Bankruptcy Court, M.D. Georgia
ganb	FB	United States Bankruptcy Court, N.D. Georgia
gasb	FB	United States Bankruptcy Court, S.D. Georgia
gub	FB	United States Bankruptcy Court, D. Guam
hib	FB	United States Bankruptcy Court, D. Hawaii
ianb	FB	United States Bankruptcy Court, N.D. Iowa
iasb	FB	United States Bankruptcy Court, S.D. Iowa
idb	FB	United States Bankruptcy Court, D. Idaho
ilcb	FB	United States Bankruptcy Court, C.D. Illinois
ilnb	FB	United States Bankruptcy Court, N.D. Illinois
ilsb	FB	United States Bankruptcy Court, S.D. Illinois
innb	FB	United States Bankruptcy Court, N.D. Indiana
insb	FB	United States Bankruptcy Court, S.D. Indiana
ksb	FB	United States Bankruptcy Court, D. Kansas
kyeb	FB	United States Bankruptcy Court, E.D. Kentucky
kywb	FB	United States Bankruptcy Court, W.D. Kentucky
laeb	FB	United States Bankruptcy Court, E.D. Louisiana
lamb	FB	United States Bankruptcy Court, M.D. Louisiana
lawb	FB	United States Bankruptcy Court, W.D. Louisiana
mab	FB	United States Bankruptcy Court, D. Massachusetts
mdb	FB	United States Bankruptcy Court, D. Maryland
meb	FB	United States Bankruptcy Court, D. Maine
mieb	FB	United States Bankruptcy Court, E.D. Michigan
miwb	FB	United States Bankruptcy Court, W.D. Michigan
mnb	FB	United States Bankruptcy Court, D. Minnesota
moeb	FB	United States Bankruptcy Court, E.D. Missouri
mowb	FB	United States Bankruptcy Court, W.D. Missouri
msnb	FB	United States Bankruptcy Court, N.D. Mississippi
mssb	FB	United States Bankruptcy Court, S.D. Mississippi
mtb	FB	United States Bankruptcy Court, D. Montana
nceb	FB	United States Bankruptcy Court, E.D. North Carolina
ncmb	FB	United States Bankruptcy Court, M.D. North Carolina
ncwb	FB	United States Bankruptcy Court, W.D. North Carolina
ndb	FB	United States Bankruptcy Court, D. North Dakota
nebraskab	FB	United States Bankruptcy Court, D. Nebraska
nhb	FB	United States Bankruptcy Court, D. New Hampshire
njb	FB	United States Bankruptcy Court, D. New Jersey
nmb	FB	United States Bankruptcy Court, D. New Mexico
nmib	FB	United States Bankruptcy Court, Northern Mariana Islands
nvb	FB	United States Bankruptcy Court, D. Nevada
nyeb	FB	United States Bankruptcy Court, E.D. New York
nynb	FB	United States Bankruptcy Court, N.D. New York
nysb	FB	United States Bankruptcy Court, S.D. New York
nywb	FB	United States Bankruptcy Court, W.D. New York
ohnb	FB	United States Bankruptcy Court, N.D. Ohio
ohsb	FB	United States Bankruptcy Court, S.D. Ohio
okeb	FB	United States Bankruptcy Court, E.D. Oklahoma
oknb	FB	United States Bankruptcy Court, N.D. Oklahoma
okwb	FB	United States Bankruptcy Court, W.D. Oklahoma
orb	FB	United States Bankruptcy Court, D. Oregon
paeb	FB	United States Bankruptcy Court, E.D. Pennsylvania
pamb	FB	United States Bankruptcy Court, M.D. Pennsylvania
pawb	FB	United States Bankruptcy Court, W.D. Pennsylvania
prb	FB	United States Bankruptcy Court, D. Puerto Rico
rib	FB	United States Bankruptcy Court, D. Rhode Island
scb	FB	United States Bankruptcy Court, D. South Carolina
sdb	FB	United States Bankruptcy Court, D. South Dakota
tennesseeb	FB	United States Bankruptcy Court, D. Tennessee
tneb	FB	United States Bankruptcy Court, E.D. Tennessee
tnmb	FB	United States Bankruptcy Court, M.D. Tennessee
tnwb	FB	United States Bankruptcy Court, W.D. Tennessee
txeb	FB	United States Bankruptcy Court, E.D. Texas
txnb	FB	United States Bankruptcy Court, N.D. Texas
txsb	FB	United States Bankruptcy Court, S.D. Texas
txwb	FB	United States Bankruptcy Court, W.D. Texas
utb	FB	United States Bankruptcy Court, D. Utah
vaeb	FB	United States Bankruptcy Court, E.D. Virginia
vawb	FB	United States Bankruptcy Court, W.D. Virginia
vib	FB	United States Bankruptcy Court, D. Virgin Islands
vtb	FB	United States Bankruptcy Court, D. Vermont
waeb	FB	United States Bankruptcy Court, E.D. Washington
wawb	FB	United States Bankruptcy Court, W.D. Washington
wieb	FB	United States Bankruptcy Court, E.D. Wisconsin
wiwb	FB	United States Bankruptcy Court, W.D. Wisconsin
wvnb	FB	United States Bankruptcy Court, N.D. West Virginia
wvsb	FB	United States Bankruptcy Court, S.D. West Virginia
wyb	FB	United States Bankruptcy Court, D. Wyoming
bap1	FBP	Bankruptcy Appellate Panel of the First Circuit
bap10	FBP	Bankruptcy Appellate Panel of the Tenth Circuit
bap2	FBP	Bankruptcy Appellate Panel of the Second Circuit
bap6	FBP	Bankruptcy Appellate Panel of the Sixth Circuit
bap8	FBP	United States Bankruptcy Appellate Panel for the Eighth Circuit
bap9	FBP	United States Bankruptcy Appellate Panel for the Ninth Circuit
bapma	FBP	Bankruptcy Appellate Panel of Massachusetts
bapme	FBP	Bankruptcy Appellate Panel, D. Maine
akd	FD	District Court, D. Alaska
ald	FD	District Court, D. Alabama
almd	FD	District Court, M.D. Alabama
alnd	FD	District Court, N.D. Alabama
alsd	FD	District Court, S.D. Alabama
ard	FD	United States District Court for the District of Arkansas
ared	FD	District Court, E.D. Arkansas
arwd	FD	District Court, W.D. Arkansas
azd	FD	District Court, D. Arizona
cacd	FD	District Court, C.D. California
caed	FD	District Court, E.D. California
californiad	FD	District Court, D. California
canalzoned	FD	District Court, Canal Zone
cand	FD	District Court, N.D. California
casd	FD	District Court, S.D. California
cod	FD	District Court, D. Colorado
ctd	FD	District Court, D. Connecticut
dcd	FD	District Court, District of Columbia
ded	FD	District Court, D. Delaware
fld	FD	District Court, D. Florida
flmd	FD	District Court, M.D. Florida
flnd	FD	District Court, N.D. Florida
flsd	FD	District Court, S.D. Florida
gad	FD	District Court, D. Georgia
gamd	FD	District Court, M.D. Georgia
gand	FD	District Court, N.D. Georgia
gasd	FD	District Court, S.D. Georgia
gud	FD	District Court, D. Guam
hid	FD	District Court, D. Hawaii
iad	FD	District Court, D. Iowa
iand	FD	District Court, N.D. Iowa
iasd	FD	District Court, S.D. Iowa
idd	FD	District Court, D. Idaho
ilcd	FD	District Court, C.D. Illinois
illinoisd	FD	District Court, D. Illinois
illinoised	FD	District Court, E.D. Illinois
ilnd	FD	District Court, N.D. Illinois
ilsd	FD	District Court, S.D. Illinois
indianad	FD	District Court, D. Indiana
innd	FD	District Court, N.D. Indiana
insd	FD	District Court, S.D. Indiana
ksd	FD	District Court, D. Kansas
kyd	FD	District Court, D. Kentucky
kyed	FD	District Court, E.D. Kentucky
kywd	FD	District Court, W.D. Kentucky
lad	FD	District Court, D. Louisiana
laed	FD	District Court, E.D. Louisiana
lamd	FD	District Court, M.D. Louisiana
lawd	FD	District Court, W.D. Louisiana
mad	FD	District Court, D. Massachusetts
mdd	FD	District Court, D. Maryland
med	FD	District Court, D. Maine
michd	FD	District Court, D. Michigan
mied	FD	District Court, E.D. Michigan
missd	FD	District Court, D. Mississippi
miwd	FD	District Court, W.D. Michigan
mnd	FD	District Court, D. Minnesota
mod	FD	District Court, D. Missouri
moed	FD	District Court, E.D. Missouri
mowd	FD	District Court, W.D. Missouri
msnd	FD	District Court, N.D. Mississippi
mssd	FD	District Court, S.D. Mississippi
mtd	FD	District Court, D. Montana
ncd	FD	District Court, D. North Carolina
nced	FD	District Court, E.D. North Carolina
ncmd	FD	District Court, M.D. North Carolina
ncwd	FD	District Court, W.D. North Carolina
ndd	FD	District Court, D. North Dakota
ned	FD	District Court, D. Nebraska
nhd	FD	District Court, D. New Hampshire
njd	FD	District Court, D. New Jersey
nmd	FD	District Court, D. New Mexico
nmid	FD	District Court, Northern Mariana Islands
nvd	FD	District Court, D. Nevada
nyd	FD	District Court, D. New York
nyed	FD	District Court, E.D. New York
nynd	FD	District Court, N.D. New York
nysd	FD	District Court, S.D. New York
nywd	FD	District Court, W.D. New York
ohiod	FD	District Court, D. Ohio
ohnd	FD	District Court, N.D. Ohio
ohsd	FD	District Court, S.D. Ohio
okd	FD	United States District Court for the District of Oklahoma
oked	FD	District Court, E.D. Oklahoma
oknd	FD	District Court, N.D. Oklahoma
okwd	FD	District Court, W.D. Oklahoma
ord	FD	District Court, D. Oregon
orld	FD	District Court, Orleans
paed	FD	District Court, E.D. Pennsylvania
pamd	FD	District Court, M.D. Pennsylvania
pawd	FD	District Court, W.D. Pennsylvania
pennsylvaniad	FD	District Court, D. Pennsylvania
prd	FD	District Court, D. Puerto Rico
rid	FD	District Court, D. Rhode Island
scd	FD	District Court, D. South Carolina
sdd	FD	District Court, D. South Dakota
southcarolinaed	FD	District Court, E.D. South Carolina
southcarolinawd	FD	District Court, W.D. South Carolina
superctsdfla	FD	Superior Court, S. D. Florida
tennessed	FD	District Court, D. Tennessee
texd	FD	District Court, D. Texas
tned	FD	District Court, E.D. Tennessee
tnmd	FD	District Court, M.D. Tennessee
tnwd	FD	District Court, W.D. Tennessee
txed	FD	District Court, E.D. Texas
txnd	FD	District Court, N.D. Texas
txsd	FD	District Court, S.D. Texas
txwd	FD	District Court, W.D. Texas
usdistct	FD	United States District Court
utd	FD	District Court, D. Utah
vad	FD	District Court, D. Virginia
vaed	FD	District Court, E.D. Virginia
vawd	FD	District Court, W.D. Virginia
vid	FD	District Court, Virgin Islands
vtd	FD	District Court, D. Vermont
waed	FD	District Court, E.D. Washington
washd	FD	District Court, D. Washington
wawd	FD	District Court, W.D. Washington
wied	FD	District Court, E.D. Wisconsin
wisd	FD	District Court, D. Wisconsin
wiwd	FD	District Court, W.D. Wisconsin
wvad	FD	District Court, D. West Virginia
wvnd	FD	District Court, N.D. West Virginia
wvsd	FD	District Court, S.D. West Virginia
wyd	FD	District Court, D. Wyoming
ag	FS	United States Attorneys General
asbca	FS	Armed Services Board of Contract Appeals
bia	FS	Board of Immigration Appeals
bpai	FS	Board of Patent Appeals and Interferences
bta	FS	United States Board of Tax Appeals
bva	FS	Board of Veterans' Appeals
cavc	FS	United States Court of Appeals for Veterans Claims
cc	FS	United States Court of Claims
ccpa	FS	Court of Customs and Patent Appeals
cit	FS	United States Court of International Trade
com	FS	Commerce Court
cusc	FS	United States Customs Court
deptinterior	FS	Department of Interior
eca	FS	Emergency Court of Appeals
fisc	FS	Foreign Intelligence Surveillance Court
fiscr	FS	Foreign Intelligence Surveillance Court of Review
jpml	FS	United States Judicial Panel on Multidistrict Litigation
judcoun	FS	Circuit Judicial Councils
judcoun10	FS	Judicial Council of The Tenth Circuit
judcoun2	FS	Judicial Council of The Second Circuit
judcoun3	FS	Judicial Council of The Third Circuit
judcoun5	FS	Judicial Council of The Fifth Circuit
judcoun6	FS	Judicial Council of The Sixth Circuit
judcoun7	FS	Judicial Council of The Seventh Circuit
judcoun8	FS	Judicial Council of The Eighth Circuit
judcoun9	FS	Judicial Council of The Ninth Circuit
judcoundc	FS	Judicial Council of the District of Columbia Circuit
mspb	FS	Merit Systems Protection Board
olc	FS	Department of Justice Office of Legal Counsel
padeptjust	FS	Pennsylvania Department of Justice
philadeptjust	FS	Philadelphia Department of Justice
ptab	FS	Patent Trial and Appeal Board
reglrailreorgct	FS	Special Court under the Regional Rail Reorganization Act
tax	FS	United States Tax Court
tecoa	FS	Temporary Emergency Court of Appeals
ttab	FS	Trademark Trial and Appeal Board
usberlinct	FS	 United States Court of Berlin
uscfc	FS	United States Court of Federal Claims
usjudconfcomdis	FS	United States Judicial Conference Committee on Judicial Conduct and Disability
uslandoffice	FS	United States Land Office
usprovctla	FS	United States Provisional Court for the State of Louisiana
ussurveyor	FS	United States Surveyor
highctjchuk	I	High Court of Justice, Chancery Division
houseoflordsuk	I	House of Lords (UK)
kingsbench	I	Court of King's Bench
acca	MA	Army Court of Criminal Appeals
afcca	MA	United States Air Force Court of Criminal Appeals
armfor	MA	Court of Appeals for the Armed Forces
cgcomilrev	MA	U S Coast Guard Court of Military Review
cma	MA	United States Court of Military Appeals
mc	MA	United States Court of Military Commission Review
nmcca	MA	Navy-Marine Corps Court of Criminal Appeals
usafctmilrev	MA	U S Air Force Court of Military Review
usarmymilrev	MA	U.S. Army Court of Military Review
uscgcoca	MA	U S Coast Guard Court of Criminal Appeals
usnmcmilrev	MA	U.S. Navy-Marine Corps Court of Military Review
ala	S	Supreme Court of Alabama
alaska	S	Alaska Supreme Court
ariz	S	Arizona Supreme Court
ark	S	Supreme Court of Arkansas
cal	S	California Supreme Court
colo	S	Supreme Court of Colorado
conn	S	Supreme Court of Connecticut
dakotasup	S	Supreme Court Of The Territory Of Dakota
dc	S	District of Columbia Court of Appeals
del	S	Supreme Court of Delaware
fla	S	Supreme Court of Florida
ga	S	Supreme Court of Georgia
haw	S	Hawaii Supreme Court
idaho	S	Idaho Supreme Court
ill	S	Illinois Supreme Court
ind	S	Indiana Supreme Court
iowa	S	Supreme Court of Iowa
kan	S	Supreme Court of Kansas
ky	S	Kentucky Supreme Court
kyctapphigh	S	Court of Appeals of Kentucky (pre-1976)
la	S	Supreme Court of Louisiana
mass	S	Massachusetts Supreme Judicial Court
md	S	Court of Appeals of Maryland
me	S	Supreme Judicial Court of Maine
mich	S	Michigan Supreme Court
minn	S	Supreme Court of Minnesota
miss	S	Mississippi Supreme Court
mo	S	Supreme Court of Missouri
mont	S	Montana Supreme Court
nc	S	Supreme Court of North Carolina
nd	S	North Dakota Supreme Court
neb	S	Nebraska Supreme Court
nev	S	Nevada Supreme Court
nh	S	Supreme Court of New Hampshire
nj	S	Supreme Court of New Jersey
nm	S	New Mexico Supreme Court
ny	S	New York Court of Appeals
nychanct	S	New York Court of Chancery
ohio	S	Ohio Supreme Court
okla	S	Supreme Court of Oklahoma
or	S	Oregon Supreme Court
pa	S	Supreme Court of Pennsylvania
ri	S	Supreme Court of Rhode Island
sc	S	Supreme Court of South Carolina
sd	S	South Dakota Supreme Court
tenn	S	Tennessee Supreme Court
tex	S	Texas Supreme Court
texcrimapp	S	Court of Criminal Appeals of Texas
utah	S	Utah Supreme Court
va	S	Supreme Court of Virginia
vt	S	Supreme Court of Vermont
wash	S	Washington Supreme Court
wis	S	Wisconsin Supreme Court
wva	S	West Virginia Supreme Court
wyo	S	Wyoming Supreme Court
alacivapp	SA	Court of Civil Appeals of Alabama
alacrimapp	SA	Court of Criminal Appeals of Alabama
alactapp	SA	Alabama Court of Appeals
alaskactapp	SA	Court of Appeals of Alaska
arizctapp	SA	Court of Appeals of Arizona
arkctapp	SA	Court of Appeals of Arkansas
calappdeptsuper	SA	Appellate Division of the Superior Court of California
calctapp	SA	California Court of Appeal
calctapp1d	SA	California Court of Appeal, 1st District
calctapp2d	SA	California Court of Appeal, 2nd District
calctapp3d	SA	California Court of Appeal, 3rd District
calctapp4d	SA	California Court of Appeal, 4th District
calctapp5d	SA	California Court of Appeal, 5th District
calctapp6d	SA	California Court of Appeal, 6th District
coloctapp	SA	Colorado Court of Appeals
connappct	SA	Connecticut Appellate Court
connsuperct	SA	Connecticut Superior Court
delch	SA	Court of Chancery of Delaware
delorphct	SA	Orphan's Court of Delaware
delsuperct	SA	Superior Court of Delaware
fladistctapp	SA	District Court of Appeal of Florida
fladistctapp1	SA	Florida First District Court of Appeal
fladistctapp2	SA	Florida Second District Court of Appeal
fladistctapp3	SA	Florida Third District Court of Appeal
fladistctapp4	SA	Florida Fourth District Court of Appeal
fladistctapp5	SA	Florida Fifth District Court of Appeal
gactapp	SA	Court of Appeals of Georgia
hawapp	SA	Hawaii Intermediate Court of Appeals
idahoctapp	SA	Idaho Court of Appeals
illappct	SA	Appellate Court of Illinois
indctapp	SA	Indiana Court of Appeals
iowactapp	SA	Court of Appeals of Iowa
kanctapp	SA	Court of Appeals of Kansas
kyctapp	SA	Court of Appeals of Kentucky
lactapp	SA	Louisiana Court of Appeal
lacterrapp	SA	Louisiana Court of Errors and Appeals
massappct	SA	Massachusetts Appeals Court
massdistct	SA	Massachusetts District Court
massdistctapp	SA	Massachusetts District Court, Appellate Division
masssuperct	SA	Massachusetts Superior Court
masstaxbd	SA	Massachusetts Appellate Tax Board
mdch	SA	High Court of Chancery of Maryland
mdctspecapp	SA	Court of Special Appeals of Maryland
michchanct	SA	Michigan Court of Chancery
michctapp	SA	Michigan Court of Appeals
minnctapp	SA	Court of Appeals of Minnesota
missctapp	SA	Court of Appeals of Mississippi
moctapp	SA	Missouri Court of Appeals
moctapped	SA	Missouri Court of Appeals, Eastern District
moctappsd	SA	Missouri Court of Appeals, Southern District
moctappwd	SA	Missouri Court of Appeals, Western District
ncctapp	SA	Court of Appeals of North Carolina
ncsuperct	SA	Superior Court of North Carolina
ndctapp	SA	North Dakota Court of Appeals
nebctapp	SA	Nebraska Court of Appeals
nevapp	SA	Court of Appeals of Nevada
njch	SA	New Jersey Court of Chancery
njcirctatlantic	SA	Atlantic County Circuit Court, N.J.
njcirctbergen	SA	Bergen County Circuit Court, N.J.
njcirctburlingt	SA	Burlington County Circuit Court, N.J.
njcirctcamden	SA	Camden County Circuit Court, N.J.
njcirctcapemay	SA	Cape May County Circuit Court, N.J.
njcircthudson	SA	Hudson County Circuit Court, N.J.
njcirctmonmouth	SA	Monmouth County Circuit Court, N.J.
njcirctmorris	SA	Morris County Circuit Court, N.J.
njcirctocean	SA	Ocean County Circuit Court, N.J.
njcirctpassaic	SA	Passaic County Circuit Court, N.J.
njcirctsomerset	SA	Somerset County Circuit Court, N.J.
njsuperctappdiv	SA	New Jersey Superior Court Appellate Division
nmctapp	SA	New Mexico Court of Appeals
nyappdiv	SA	Appellate Division of the Supreme Court of the State of New York
nyappterm	SA	Appellate Terms of the Supreme Court of New York
nyhospcommn	SA	New York State Hospital Commission
nyoytermct	SA	Court Of Oyer And Terminer New York
ohioctapp	SA	Ohio Court of Appeals
oklacivapp	SA	Court of Civil Appeals of Oklahoma
oklacrimapp	SA	Court of Criminal Appeals of Oklahoma
orctapp	SA	Court of Appeals of Oregon
pacommwct	SA	Commonwealth Court of Pennsylvania
pasuperct	SA	Superior Court of Pennsylvania
risuperct	SA	Superior Court of Rhode Island
scctapp	SA	Court of Appeals of South Carolina
tenncrimapp	SA	Court of Criminal Appeals of Tennessee
tennctapp	SA	Court of Appeals of Tennessee
tennsuperct	SA	Tennessee Superior Court for Law and Equity
texapp	SA	Court of Appeals of Texas
texjpml	SA	Texas Judicial Panel on Multidistrict Litigation
txctapp1	SA	Texas Court of Appeals, 1st District (Houston)
txctapp10	SA	Texas Court of Appeals, 10th District (Waco)
txctapp11	SA	Texas Court of Appeals, 11th District (Eastland)
txctapp12	SA	Texas Court of Appeals, 12th District (Tyler)
txctapp13	SA	Texas Court of Appeals, 13th District
txctapp13A	SA	Texas Court of Appeals, 13th District (Corpus Christi)
txctapp13B	SA	Texas Court of Appeals, 13th District (Edinburg)
txctapp14	SA	Texas Court of Appeals, 14th District (Houston)
txctapp15	SA	Texas Court of Appeals, 15th District
txctapp2	SA	Texas Court of Appeals, 2nd District (Fort Worth)
txctapp3	SA	Texas Court of Appeals, 3rd District (Austin)
txctapp4	SA	Texas Court of Appeals, 4th District (San Antonio)
txctapp5	SA	Texas Court of Appeals, 5th District (Dallas)
txctapp6	SA	Texas Court of Appeals, 6th District (Texarkana)
txctapp7	SA	Texas Court of Appeals, 7th District (Amarillo)
txctapp8	SA	Texas Court of Appeals, 8th District (El Paso)
txctapp9	SA	Texas Court of Appeals, 9th District (Beaumont)
utahctapp	SA	Court of Appeals of Utah
vactapp	SA	Court of Appeals of Virginia
vtsuperct	SA	Vermont Superior Court
washctapp	SA	Court of Appeals of Washington
wisctapp	SA	Court of Appeals of Wisconsin
wvactapp	SA	Intermediate Court of Appeals of West Virginia
arkag	SAG	Arkansas Attorney General Reports
calag	SAG	California Attorney General Reports
coloag	SAG	Colorado Attorney General Reports
flaag	SAG	Florida Attorney General Reports
kanag	SAG	Kansas Attorney General Reports
laag	SAG	Louisiana Attorney General Reports
mdag	SAG	Maryland Attorney General Reports
minnag	SAG	Minnesota Attorney General Reports
moag	SAG	Missouri Attorney General Reports
montag	SAG	Montana Attorney General Reports
nebag	SAG	Nebraska Attorney General Reports
nyag	SAG	New York Attorney General Reports
paag	SAG	Pennsylvania Office of the Attorney General
texag	SAG	Texas Attorney General Reports
washag	SAG	Washington Attorney General Reports
wisag	SAG	Wisconsin Attorney General Reports
admiraltyctsc	SS	South Carolina Admiralty Court
ariztaxct	SS	Arizona Tax Court
arkworkcompcom	SS	Arkansas Workers' Compensation Commission
calofcadmhrg	SS	California Office of Administrative Hearings
caluneinsappbd	SS	California Unemployment Insurance Appeals Board
cjdpa	SS	Court of Judicial Discipline of Pennsylvania
coloworkcompcom	SS	Colorado Industrial Claim Appeals Office
connworkcompcom	SS	Connecticut Compensation Review Board
coregsalina	SS	Salina Register and Receiver
dadectypropbd	SS	Dade County Property Appraisal Adjustment Board
dcorphanct	SS	District of Columbia Orphans' Court
delctcompl	SS	Delaware Court of Common Pleas
delfamct	SS	Delaware Family Court
deljudct	SS	Court on the Judiciary of Delaware.
fladeptenvreg	SS	State of Florida Department of Environmental Regulation
fladepthrehabil	SS	Florida Department of Health and Rehabilitative Services
fladeptrev	SS	State of Florida Department of Revenue
fladivadminhrg	SS	State of Florida Division of Administrative Hearings
flaindcommn	SS	Florida Industrial Commission
flapubserv	SS	Florida Public Service Commission
flarealestcommn	SS	Florida Real Estate Commission
gaoyertermct	SS	Georgia Court of Oyer and Terminer
indtc	SS	Indiana Tax Court
jaxcivservbd	SS	Jacksonville Civil Service Board
masshserep	SS	Massachusetts House of Representatives
masslandct	SS	Massachusetts Land Court
maworkcompcom	SS	Massachusetts Department of Industrial Accidents
mdgenct	SS	General Court of Maryland
michrecdetroit	SS	Detroit Recorder's Court
monttc	SS	Montana Tax Appeal Board
ncbizct	SS	North Carolina Business Court
ncworkcompcom	SS	North Carolina Industrial Commission
nhprivycounnh	SS	New Hampshire Committee of the Privy Council
njcommned	SS	Commissioner of Education, N.J.
njctpardons	SS	New Jersey Court of Pardons
njlawbkconf	SS	New Jersey Lawyers and Bankers Conference Committee
njreccthoboken	SS	Hoboken City Recorder's Court.
njrecctmontcl	SS	Montclair Town Recorder's Court
njspecstatct	SS	New Jersey Special Statutory Court
njtaxct	SS	New Jersey Tax Court
nyarbct	SS	Court Of Arbitration Of The Chamber Of Commerce Of New York
nychanctsara	SS	Saratoga Chancery Court
nycivct	SS	Civil Court of the City of New York
nyclaimsct	SS	New York Court of Claims
nycommnapp	SS	Commission of Appeals
nyconct	SS	Constitutional Court of New York
nycrimct	SS	Criminal Court of the City of New York
nyctassizes	SS	New York Court of Assizes
nycterr	SS	Court for the Trial of Impeachments and Correction of Errors
nyexecchamber	SS	New York Executive Chamber
nyfamct	SS	New York Family Court
nyjudct	SS	New York Court on the Judiciary
nymarct	SS	New York Marine Court
nyspecsessyonk	SS	Yonkers Court of Special Sessions
nystateassembly	SS	New York State Assembly
nysurct	SS	New York Surrogate's Court
ohctinsolvcuyah	SS	Cuyahoga County Court of Insolvency
ohctinsolvhamil	SS	Hamilton County Court of Insolvency
ohioctcl	SS	Ohio Court of Claims
ohiorac	SS	Ohio State Racing Commission
ohiotax	SS	Board of Tax Appeals of Ohio Department of Taxation
oklaag	SS	Oklahoma Attorney General Reports
oklacoj	SS	Court on the Judiciary of Oklahoma
oklajeap	SS	Oklahoma Judicial Ethics Advisory Panel
ortc	SS	Oregon Tax Court
paadmct	SS	Pennsylvania Admiralty Court
paarbpnlhc	SS	Pennsylvania Arbitration Panels for Health Care
padepted	SS	Pennsylvania Department of Education
padeptpubwel	SS	Pennsylvania Department of Public Welfare
paenvhrbd	SS	Pennsylvania Environmental Hearing Board
pajuvct	SS	Pennsylvania Juvenile Courts
paparolebd	SS	Pennsylvania Board of Parole
pennctqtrsess	SS	Pennsylvania Court of Quarter Sessions
philaelecct	SS	Philadelphia Election Court
philarec	SS	Recorder of Philadelphia
riviceadmct	SS	Rhode Island Vice Admiralty Court
slcregrec	SS	Salt Lake City Register and Receiver
stp	SS	United States Special Tribunals of Pennsylvania
sttex	SS	United States Special Tribunal of Texas
tennworkcompapp	SS	Tennessee Workers' Compensation Appeals Board
tennworkcompcl	SS	Tennessee Court of Workers' Compensation Claims
texcommnapp	SS	Texas Commission of Appeals
texreview	SS	Texas Special Court of Review
texrevtrib	SS	Texas Court of Review Tribunal
vagensess	SS	General Court of Virginia
washterr	SS	Washington Territory
arizsuper	ST	Arizona Superior Court
caldistct	ST	California District Court
caljustct	ST	Califonia Justice Court
caljustctbut	ST	California Justice Court, Butte County
caljustctcol	ST	California Justice Court, Colusa County
caljustctfre	ST	California Justice Court, Fresno County
caljustctgle	ST	California Justice Court, Glenn County
caljustcthum	ST	California Justice Court, Humboldt County
caljustctker	ST	California Justice Court, Kern County
caljustctkin	ST	California Justice Court, Kings County
caljustctla	ST	California Justice Court, Los Angeles County
caljustctlak	ST	California Justice Court, Lake County
caljustctmad	ST	California Justice Court, Madera County
caljustctmen	ST	California Justice Court, Mendocino County
caljustctmno	ST	California Justice Court, Mono County
caljustctmpa	ST	California Justice Court, Mariposa County
caljustctnev	ST	California Justice Court, Nevada County
caljustctpla	ST	California Justice Court, Placer County
caljustctplu	ST	California Justice Court, Plumas County
caljustctsbd	ST	California Justice Court, San Bernardino County
caljustctsbt	ST	California Justice Court, San Benito County
caljustctsis	ST	California Justice Court, Siskiyou County
caljustcttul	ST	California Justice Court, Tulare County
caljustcttuo	ST	California Justice Court, Tuolumne County
calmunct	ST	Municipal Court of California
calmunctala	ST	Municipal Court of California, County of Alameda
calmunctalp	ST	Municipal Court of California, County of Alpine
calmunctama	ST	Municipal Court of California, County of Amador
calmunctbut	ST	Municipal Court of California, County of Butte
calmunctcal	ST	Municipal Court of California, County of Calaveras
calmunctcc	ST	Municipal Court of California, County of Contra Costa
calmunctcol	ST	Municipal Court of California, County of Colusa
calmunctdn	ST	Municipal Court of California, County of Del Norte
calmuncted	ST	Municipal Court of California, County of El Dorado
calmunctfre	ST	Municipal Court of California, County of Fresno
calmunctgle	ST	Municipal Court of California, County of Glenn
calmuncthum	ST	Municipal Court of California, County of Humboldt
calmunctimp	ST	Municipal Court of California, County of Imperial
calmunctiny	ST	Municipal Court of California, County of Inyo
calmunctker	ST	Municipal Court of California, County of Kern
calmunctkin	ST	Municipal Court of California, County of Kings
calmunctla	ST	Municipal Court of California, County of Los Angeles
calmunctlak	ST	Municipal Court of California, County of Lake
calmunctlas	ST	Municipal Court of California, County of Lassen
calmunctmad	ST	Municipal Court of California, County of Madera
calmunctmen	ST	Municipal Court of California, County of Mendocino
calmunctmer	ST	Municipal Court of California, County of Merced
calmunctmno	ST	Municipal Court of California, County of Mono
calmunctmod	ST	Municipal Court of California, County of Modoc
calmunctmon	ST	Municipal Court of California, County of Monterey
calmunctmpa	ST	Municipal Court of California, County of Mariposa
calmunctmrn	ST	Municipal Court of California, County of Marin
calmunctnap	ST	Municipal Court of California, County of Napa
calmunctnev	ST	Municipal Court of California, County of Nevada
calmunctora	ST	Municipal Court of California, County of Orange
calmunctpla	ST	Municipal Court of California, County of Placer
calmunctplu	ST	Municipal Court of California, County of Plumas
calmunctriv	ST	Municipal Court of California, County of Riverside
calmunctsac	ST	Municipal Court of California, County of Sacramento
calmunctsb	ST	Municipal Court of California, County of Santa Barbara
calmunctsbd	ST	Municipal Court of California, County of San Bernardino
calmunctsbt	ST	Municipal Court of California, County of San Benito
calmunctscl	ST	Municipal Court of California, County of Santa Clara
calmunctscr	ST	Municipal Court of California, County of Santa Cruz
calmunctsd	ST	Municipal Court of California, County of San Diego
calmunctsf	ST	Municipal Court of California, County of San Francisco
calmunctsha	ST	Municipal Court of California, County of Shasta
calmunctsie	ST	Municipal Court of California, County of Sierra
calmunctsis	ST	Municipal Court of California, County of Siskiyou
calmunctsj	ST	Municipal Court of California, County of San Joaquin
calmunctslo	ST	Municipal Court of California, County of San Luis Obispo
calmunctsm	ST	Municipal Court of California, County of San Mateo
calmunctsol	ST	Municipal Court of California, County of Solano
calmunctson	ST	Municipal Court of California, County of Sonoma
calmunctsta	ST	Municipal Court of California, County of Stanislaus
calmunctsut	ST	Municipal Court of California, County of Sutter
calmunctteh	ST	Municipal Court of California, County of Tehama
calmuncttri	ST	Municipal Court of California, County of Trinity
calmuncttul	ST	Municipal Court of California, County of Tulare
calmuncttuo	ST	Municipal Court of California, County of Tuolumne
calmunctven	ST	Municipal Court of California, County of Ventura
calmunctyol	ST	Municipal Court of California, County of Yolo
calmunctyub	ST	Municipal Court of California, County of Yuba
calsuperct	ST	California Superior Court
calsuppctala	ST	Superior Court of California, County of Alameda
calsuppctalp	ST	Superior Court of California, County of Alpine
calsuppctama	ST	Superior Court of California, County of Amador
calsuppctbut	ST	Superior Court of California, County of Butte
calsuppctcal	ST	Superior Court of California, County of Calaveras
calsuppctcc	ST	Superior Court of California, County of Contra Costa
calsuppctcol	ST	Superior Court of California, County of Colusa
calsuppctdn	ST	Superior Court of California, County of Del Norte
calsuppcted	ST	Superior Court of California, County of El Dorado
calsuppctfre	ST	Superior Court of California, County of Fresno
calsuppctgle	ST	Superior Court of California, County of Glenn
calsuppcthum	ST	Superior Court of California, County of Humboldt
calsuppctimp	ST	Superior Court of California, County of Imperial
calsuppctiny	ST	Superior Court of California, County of Inyo
calsuppctker	ST	Superior Court of California, County of Kern
calsuppctkin	ST	Superior Court of California, County of Kings
calsuppctla	ST	Superior Court of California, County of Los Angeles
calsuppctlak	ST	Superior Court of California, County of Lake
calsuppctlas	ST	Superior Court of California, County of Lassen
calsuppctmad	ST	Superior Court of California, County of Madera
calsuppctmen	ST	Superior Court of California, County of Mendocino
calsuppctmer	ST	Superior Court of California, County of Merced
calsuppctmno	ST	Superior Court of California, County of Mono
calsuppctmod	ST	Superior Court of California, County of Modoc
calsuppctmon	ST	Superior Court of California, County of Monterey
calsuppctmpa	ST	Superior Court of California, County of Mariposa
calsuppctmrn	ST	Superior Court of California, County of Marin
calsuppctnap	ST	Superior Court of California, County of Napa
calsuppctnev	ST	Superior Court of California, County of Nevada
calsuppctora	ST	Superior Court of California, County of Orange
calsuppctpla	ST	Superior Court of California, County of Placer
calsuppctplu	ST	Superior Court of California, County of Plumas
calsuppctriv	ST	Superior Court of California, County of Riverside
calsuppctsac	ST	Superior Court of California, County of Sacramento
calsuppctsb	ST	Superior Court of California, County of Santa Barbara
calsuppctsbd	ST	Superior Court of California, County of San Bernardino
calsuppctsbt	ST	Superior Court of California, County of San Benito
calsuppctscl	ST	Superior Court of California, County of Santa Clara
calsuppctscr	ST	Superior Court of California, County of Santa Cruz
calsuppctsd	ST	Superior Court of California, County of San Diego
calsuppctsf	ST	Superior Court of California, County of San Francisco
calsuppctsha	ST	Superior Court of California, County of Shasta
calsuppctsie	ST	Superior Court of California, County of Sierra
calsuppctsis	ST	Superior Court of California, County of Siskiyou
calsuppctsj	ST	Superior Court of California, County of San Joaquin
calsuppctslo	ST	Superior Court of California, County of San Luis Obispo
calsuppctsm	ST	Superior Court of California, County of San Mateo
calsuppctsol	ST	Superior Court of California, County of Solano
calsuppctson	ST	Superior Court of California, County of Sonoma
calsuppctsta	ST	Superior Court of California, County of Stanislaus
calsuppctsut	ST	Superior Court of California, County of Sutter
calsuppctteh	ST	Superior Court of California, County of Tehama
calsuppcttri	ST	Superior Court of California, County of Trinity
calsuppcttul	ST	Superior Court of California, County of Tulare
calsuppcttuo	ST	Superior Court of California, County of Tuolumne
calsuppctven	ST	Superior Court of California, County of Ventura
calsuppctyol	ST	Superior Court of California, County of Yolo
calsuppctyub	ST	Superior Court of California, County of Yuba
colctyct	ST	Colorado County Court
colctyctarapaho	ST	Arapahoe County District Court
colctyctbent	ST	Bent County District Court
colctyctdouglas	ST	Douglas County District Court
colctyctfremont	ST	Fremont County District Court
colctyctgarfiel	ST	Garfield County District Court
colctyctlarimer	ST	Larimer County District Court
colctyctmeyer	ST	Meyer County District Court
colctyctotero	ST	Otero County District Court
colctyctpitkin	ST	Pitkin County District Court
colctyctpueblo	ST	Pueblo County District Court
colctyctteller	ST	Teller County District Court
cosuperct	ST	Coloardo Superior Court
cosuperctdenver	ST	Denver Superior Court
ctchansc	ST	Court of Chancery of South Carolina
dccrimct	ST	District of Columbia Criminal Court
delgensess	ST	Court of General Sessions of The Peace And Jail Delivery of Delaware
deloyerterm	ST	Delaware Court of Oyer and Terminer
flacirct	ST	Circuit Court for the Judicial Circuits of Florida
flacirct1	ST	Circuit Court of the 1st Judicial Circuit of Florida
flacirct10	ST	Circuit Court of the 10th Judicial Circuit of Florida
flacirct10har	ST	Circuit Court of the 10th Judicial Circuit of Florida, Hardee County
flacirct10hig	ST	Circuit Court of the 10th Judicial Circuit of Florida, Highlands County
flacirct10pol	ST	Circuit Court of the 10th Judicial Circuit of Florida, Polk County
flacirct11	ST	Circuit Court of the 11th Judicial Circuit of Florida
flacirct11mia	ST	Circuit Court of the 11th Judicial Circuit of Florida, Miami-Dade County
flacirct12	ST	Circuit Court of the 12th Judicial Circuit of Florida
flacirct12des	ST	Circuit Court of the 12th Judicial Circuit of Florida, De Soto County
flacirct12man	ST	Circuit Court of the 12th Judicial Circuit of Florida, Manatee County
flacirct12sar	ST	Circuit Court of the 12th Judicial Circuit of Florida, Sarasota County
flacirct13	ST	Circuit Court of the 13th Judicial Circuit of Florida
flacirct13hil	ST	Circuit Court of the 13th Judicial Circuit of Florida, Hillsborough County
flacirct14	ST	Circuit Court of the 14th Judicial Circuit of Florida
flacirct14bay	ST	Circuit Court of the 14th Judicial Circuit of Florida, Bay County
flacirct14cal	ST	Circuit Court of the 14th Judicial Circuit of Florida, Calhoun County
flacirct14gul	ST	Circuit Court of the 14th Judicial Circuit of Florida, Gulf County
flacirct14hol	ST	Circuit Court of the 14th Judicial Circuit of Florida, Holmes County
flacirct14jac	ST	Circuit Court of the 14th Judicial Circuit of Florida, Jackson County
flacirct14was	ST	Circuit Court of the 14th Judicial Circuit of Florida, Washington County
flacirct15	ST	Circuit Court of the 15th Judicial Circuit of Florida
flacirct15pal	ST	Circuit Court of the 15th Judicial Circuit of Florida, Palm Beach County
flacirct16	ST	Circuit Court of the 16th Judicial Circuit of Florida
flacirct16mon	ST	Circuit Court of the 16th Judicial Circuit of Florida, Monroe County
flacirct17	ST	Circuit Court of the 17th Judicial Circuit of Florida
flacirct17bro	ST	Circuit Court of the 17th Judicial Circuit of Florida, Broward County
flacirct18	ST	Circuit Court of the 18th Judicial Circuit of Florida
flacirct18bre	ST	Circuit Court of the 18th Judicial Circuit of Florida, Brevard County
flacirct18sem	ST	Circuit Court of the 18th Judicial Circuit of Florida, Seminole County
flacirct19	ST	Circuit Court of the 19th Judicial Circuit of Florida
flacirct19ind	ST	Circuit Court of the 19th Judicial Circuit of Florida, Indian River County
flacirct19mar	ST	Circuit Court of the 19th Judicial Circuit of Florida, Martin County
flacirct19oke	ST	Circuit Court of the 19th Judicial Circuit of Florida, Okeechobee County
flacirct19stl	ST	Circuit Court of the 19th Judicial Circuit of Florida, St. Lucie County
flacirct1esc	ST	Circuit Court of the 1st Judicial Circuit of Florida, Escambia County
flacirct1oka	ST	Circuit Court of the 1st Judicial Circuit of Florida, Okaloosa County
flacirct1san	ST	Circuit Court of the 1st Judicial Circuit of Florida, Santa Rosa County
flacirct1wal	ST	Circuit Court of the 1st Judicial Circuit of Florida, Walton County
flacirct2	ST	Circuit Court of the 2nd Judicial Circuit of Florida
flacirct20	ST	Circuit Court of the 20th Judicial Circuit of Florida
flacirct20cha	ST	Circuit Court of the 20th Judicial Circuit of Florida, Charlotte County
flacirct20col	ST	Circuit Court of the 20th Judicial Circuit of Florida, Collier County
flacirct20gla	ST	Circuit Court of the 20th Judicial Circuit of Florida, Glades County
flacirct20hen	ST	Circuit Court of the 20th Judicial Circuit of Florida, Hendry County
flacirct20lee	ST	Circuit Court of the 20th Judicial Circuit of Florida, Lee County
flacirct2fra	ST	Circuit Court of the 2nd Judicial Circuit of Florida, Franklin County
flacirct2gad	ST	Circuit Court of the 2nd Judicial Circuit of Florida, Gadsden County
flacirct2jef	ST	Circuit Court of the 2nd Judicial Circuit of Florida, Jefferson County
flacirct2leo	ST	Circuit Court of the 2nd Judicial Circuit of Florida, Leon County
flacirct2lib	ST	Circuit Court of the 2nd Judicial Circuit of Florida, Liberty County
flacirct2wak	ST	Circuit Court of the 2nd Judicial Circuit of Florida, Wakulla County
flacirct3	ST	Circuit Court of the 3rd Judicial Circuit of Florida
flacirct3col	ST	Circuit Court of the 3rd Judicial Circuit of Florida, Columbia County
flacirct3dix	ST	Circuit Court of the 3rd Judicial Circuit of Florida, Dixie County
flacirct3ham	ST	Circuit Court of the 3rd Judicial Circuit of Florida, Hamilton County
flacirct3laf	ST	Circuit Court of the 3rd Judicial Circuit of Florida, Lafayette County
flacirct3mad	ST	Circuit Court of the 3rd Judicial Circuit of Florida, Madison County
flacirct3suw	ST	Circuit Court of the 3rd Judicial Circuit of Florida, Suwannee County
flacirct3tay	ST	Circuit Court of the 3rd Judicial Circuit of Florida, Taylor County
flacirct4	ST	Circuit Court of the 4th Judicial Circuit of Florida
flacirct4cla	ST	Circuit Court of the 4th Judicial Circuit of Florida, Clay County
flacirct4duv	ST	Circuit Court of the 4th Judicial Circuit of Florida, Duval County
flacirct4nas	ST	Circuit Court of the 4th Judicial Circuit of Florida, Nassau County
flacirct5	ST	Circuit Court of the 5th Judicial Circuit of Florida
flacirct5cit	ST	Circuit Court of the 5th Judicial Circuit of Florida, Citrus County
flacirct5her	ST	Circuit Court of the 5th Judicial Circuit of Florida, Hernando County
flacirct5lak	ST	Circuit Court of the 5th Judicial Circuit of Florida, Lake County
flacirct5mar	ST	Circuit Court of the 5th Judicial Circuit of Florida, Marion County
flacirct5sum	ST	Circuit Court of the 5th Judicial Circuit of Florida, Sumter County
flacirct6	ST	Circuit Court of the 6th Judicial Circuit of Florida
flacirct6pas	ST	Circuit Court of the 6th Judicial Circuit of Florida, Pasco County
flacirct6pin	ST	Circuit Court of the 6th Judicial Circuit of Florida, Pinellas County
flacirct7	ST	Circuit Court of the 7th Judicial Circuit of Florida
flacirct7fla	ST	Circuit Court of the 7th Judicial Circuit of Florida, Flagler County
flacirct7put	ST	Circuit Court of the 7th Judicial Circuit of Florida, Putnam County
flacirct7stj	ST	Circuit Court of the 7th Judicial Circuit of Florida, St. Johns County
flacirct7vol	ST	Circuit Court of the 7th Judicial Circuit of Florida, Volusia County
flacirct8	ST	Circuit Court of the 8th Judicial Circuit of Florida
flacirct8ala	ST	Circuit Court of the 8th Judicial Circuit of Florida, Alachua County
flacirct8bak	ST	Circuit Court of the 8th Judicial Circuit of Florida, Baker County
flacirct8bra	ST	Circuit Court of the 8th Judicial Circuit of Florida, Bradford County
flacirct8gil	ST	Circuit Court of the 8th Judicial Circuit of Florida, Gilchrist County
flacirct8lev	ST	Circuit Court of the 8th Judicial Circuit of Florida, Levy County
flacirct8uni	ST	Circuit Court of the 8th Judicial Circuit of Florida, Union County
flacirct9	ST	Circuit Court of the 9th Judicial Circuit of Florida
flacirct9ora	ST	Circuit Court of the 9th Judicial Circuit of Florida, Orange County
flacirct9osc	ST	Circuit Court of the 9th Judicial Circuit of Florida, Osceola County
flactyct	ST	Florida County Courts
flactyct1	ST	Alachua County Court
flactyct10	ST	Clay County Court
flactyct11	ST	Collier County Court
flactyct12	ST	Columbia County Court
flactyct13	ST	De Soto County Court
flactyct14	ST	Dixie County Court
flactyct15	ST	Duval County Court
flactyct16	ST	Escambia County Court
flactyct17	ST	Flagler County Court
flactyct18	ST	Franklin County Court
flactyct19	ST	Gadsden County Court
flactyct2	ST	Baker County Court
flactyct20	ST	Gilchrist County Court
flactyct21	ST	Glades County Court
flactyct22	ST	Gulf County Court
flactyct23	ST	Hamilton County Court
flactyct24	ST	Hardee County Court
flactyct25	ST	Hendry County Court
flactyct26	ST	Hernando County Court
flactyct27	ST	Highlands County Court
flactyct28	ST	Hillsborough County Court
flactyct29	ST	Holmes County Court
flactyct3	ST	Bay County Court
flactyct30	ST	Indian River County Court
flactyct31	ST	Jackson County Court
flactyct32	ST	Jefferson County Court
flactyct33	ST	Lafayette County Court
flactyct34	ST	Lake County Court
flactyct35	ST	Lee County Court
flactyct36	ST	Leon County Court
flactyct37	ST	Levy County Court
flactyct38	ST	Liberty County Court
flactyct39	ST	Madison County Court
flactyct4	ST	Bradford County Court
flactyct40	ST	Manatee County Court
flactyct41	ST	Marion County Court
flactyct42	ST	Martin County Court
flactyct43	ST	Miami-Dade County Court
flactyct44	ST	Monroe County Court
flactyct45	ST	Nassau County Court
flactyct46	ST	Okaloosa County Court
flactyct47	ST	Okeechobee County Court
flactyct48	ST	Orange County Court
flactyct49	ST	Osceola County Court
flactyct5	ST	Brevard County Court
flactyct50	ST	Palm Beach County Court
flactyct51	ST	Pasco County Court
flactyct52	ST	Pinellas County Court
flactyct53	ST	Polk County Court
flactyct54	ST	Putnam County Court
flactyct55	ST	St. Johns County Court
flactyct56	ST	St. Lucie County Court
flactyct57	ST	Santa Rosa County Court
flactyct58	ST	Sarasota County Court
flactyct59	ST	Seminole County Court
flactyct6	ST	Broward County Court
flactyct60	ST	Sumter County Court
flactyct61	ST	Suwannee County Court
flactyct62	ST	Taylor County Court
flactyct63	ST	Union County Court
flactyct64	ST	Volusia County Court
flactyct65	ST	Wakulla County Court
flactyct66	ST	Walton County Court
flactyct67	ST	Washington County Court
flactyct7	ST	Calhoun County Court
flactyct8	ST	Charlotte County Court
flactyct9	ST	Citrus County Court
flactyctrec	ST	Florida's Civil and Criminal Court of Records
flactyctrec1	ST	Duval County Civil and Criminal Court of Record
flactyctrec2	ST	Palm Beach County Civil and Criminal Court of Record
flactyctrec3	ST	Pinellas County Civil and Criminal Court of Record
flactyctrec4	ST	Escambia County Civil and Criminal Court of Record
flactyctrec5	ST	Brevard County Civil and Criminal Court of Record
flactyctrec6	ST	Dade County Civil and Criminal Court of Record
flactyctrec7	ST	Broward County Civil and Criminal Court of Record
flajudct	ST	Florida Judge's Courts
flajudct1	ST	Charlotte County Judge's Court
flajudct10	ST	Pinellas County Judge's Court
flajudct11	ST	Monroe County Judge Court
flajudct12	ST	Palm Beach County Judge's Court
flajudct13	ST	Duval County Judge's Court
flajudct14	ST	Sarasota County Judge's Court
flajudct2	ST	Dade County Judge's Court
flajudct3	ST	Hamilton County Judge's Court
flajudct4	ST	Orange County Judge's Court
flajudct5	ST	Lee County Judge's Court
flajudct6	ST	Volusia County Judge's Court
flajudct7	ST	Suwannee County Judge's Court
flajudct8	ST	Lake County Judge's Court
flajudct9	ST	Broward County Judge's Court
flajuv	ST	Florida Juvenile and Domestic Relations Court
flajuv1	ST	Palm Beach County Juvenile and Domestic Relations Court
flamunict	ST	Florida Municipal Courts
flamunict1	ST	Miami Beach Municipal Court
flamunict2	ST	Surfside Municipal Court
flamunict3	ST	Miami Municipal Court
flasmclct	ST	Florida Small Claims Courts
flasmclct1	ST	Broward County Small Claims Court
flasmclct2	ST	Palm Beach County Small Claims Court
flasmclct3	ST	Dade County Small Claims Court
flasmclct4	ST	St. Lucie County Small Claims Court
gasuperct	ST	Georgia Superior Court
gasuperctburke	ST	Burke County Superior Court, Ga.
gasuperctcarrol	ST	Carroll County Superior Court, Ga.
gasuperctchatha	ST	Chatham Superior Court, Ga.
gasuperctclark	ST	Clark County Superior Court, Ga.
gasuperctclarke	ST	Clarke County Superior Court, Ga.
gasuperctcobb	ST	Cobb County Superior Court, Ga.
gasuperctcolumb	ST	Columbia County Superior Court, Ga.
gasuperctcoweta	ST	Coweta County Superior Court, Ga.
gasuperctdecatu	ST	Decatur County Superior Court, Ga.
gasuperctdekalb	ST	DeKalb County Superior Court, Ga.
gasuperctearl	ST	Early County Superior Court, Ga.
gasuperctelbert	ST	Elbert County Superior Court, Ga.
gasuperctfay	ST	Fayette Superior Court, Ga.
gasuperctfrankl	ST	Franklin County Superior Court, Ga.
gasuperctgwin	ST	Gwinnett County Superior Court, Ga.
gasupercthabers	ST	Habersham County Superior Court, Ga.
gasupercthall	ST	Hall County Superior Court, Ga.
gasupercthancoc	ST	Hancock County Superior Court, Ga.
gasuperctharris	ST	Harris County Superior Court, Ga.
gasuperctheard	ST	Heard County Superior Court, Ga.
gasupercthous	ST	Houston Superior Court, Ga.
gasuperctlee	ST	Lee County Superior Court, Ga.
gasuperctliber	ST	Liberty County Superior Court, Ga.
gasuperctlincol	ST	Lincoln County Superior Court, Ga.
gasuperctmacon	ST	Macon County Superior Court, Ga.
gasuperctmari	ST	Marion County Superior Court, Ga.
gasuperctmeriw	ST	Meriwether County Superior Court, Ga.
gasuperctmuscog	ST	Muscogee County Superior Court, Ga.
gasuperctogleth	ST	Oglethorpe County Superior Court, Ga.
gasuperctpike	ST	Pike Superior Court, Ga.
gasuperctrand	ST	Randolph County Superior Court, Ga.
gasuperctrichm	ST	Richmond Superior Court, Ga.
gasuperctserive	ST	Seriven County Superior Court, Ga.
gasuperctsumter	ST	Sumter County Superior Court, Ga.
gasupercttalb	ST	Talbot County Superior Court, Ga.
gasupercttallia	ST	Talliaferro County Superior Court, Ga.
gasupercttroup	ST	Troup County Superior Court, Ga.
gasuperctwalton	ST	Walton County Superior Court, Ga.
gasuperctwashin	ST	Washington County Superior Court, Ga.
gasuperctwilkes	ST	Wilkes County Superior Court, Ga.
ilclaimsct	ST	Court of Claims of Illinois
illcirct	ST	Illinois Circuit Court
indsuperct	ST	Indiana Superior Court
kycirct	ST	Kentucky Circuit Court
kycirct1	ST	Kentucky Circuit Court 1
kycirct12	ST	Kentucky Circuit Court 12
kycirct16	ST	Kentucky Circuit Court 16
kycirct17	ST	Kentucky Circuit Court 17
kycirct20	ST	Kentucky Circuit Court 20
kycirct22	ST	Kentucky Circuit Court 22
kycirct24	ST	Kentucky Circuit Court 24
kycirct26	ST	Kentucky Circuit Court 26
kycirct27	ST	Kentucky Circuit Court 27
kycirct31	ST	Kentucky Circuit Court 31
kycirct32	ST	Kentucky Circuit Court 32
kycirct38	ST	Kentucky Circuit Court 38
kycirct41	ST	Kentucky Circuit Court 41
kycirct42	ST	Kentucky Circuit Court 42
kycirct44	ST	Kentucky Circuit Court 44
kycirct48	ST	Kentucky Circuit Court 48
kycirct50	ST	Kentucky Circuit Court 50
kycirct51	ST	Kentucky Circuit Court 51
kycirct54	ST	Kentucky Circuit Court 54
kycirct55	ST	Kentucky Circuit Court 55
kycirct56	ST	Kentucky Circuit Court 56
kycirct6	ST	Kentucky Circuit Court 6
kycirctballard	ST	Ballard Circuit Court, Kentucky
kycirctbell	ST	Bell Circuit Court, Kentucky
kycirctboone	ST	Boone Circuit Court, Kentucky
kycirctboyd	ST	Boyd Circuit Court, Kentucky
kycirctboyle	ST	Boyle Circuit Court, Kentucky
kycirctbullitt	ST	Bullitt Circuit Court, Kentucky
kycirctbutler	ST	Butler Circuit Court, Kentucky
kycirctcalloway	ST	Calloway Circuit Court, Kentucky
kycirctcampbell	ST	Campbell Circuit Court, Kentucky
kycirctclay	ST	Clay Circuit Court, Kentucky
kycirctdaviess	ST	Daviess Circuit Court, Kentucky
kycirctedmonson	ST	Edmonson Circuit Court, Kentucky
kycirctfayette	ST	Fayette Circuit Court, Kentucky
kycirctfloyd	ST	Floyd Circuit Court, Kentucky
kycirctfranklin	ST	Franklin Circuit Court, Kentucky
kycirctgreenup	ST	Greenup Circuit Court, Kentucky
kycirctharlan	ST	Harlan Circuit Court, Kentucky
kycircthenderso	ST	Henderson Circuit Court, Kentucky
kycircthenry	ST	Henry Circuit Court, Kentucky
kycirctjohnson	ST	Johnson Circuit Court, Kentucky
kycirctkenton	ST	Kenton Circuit Court, Kentucky
kycirctknox	ST	Knox Circuit Court, Kentucky
kycirctlivingst	ST	Livingston Circuit Court, Kentucky
lasuperct	ST	Superior Court of Louisiana
mahousct	ST	Massachusetts Housing Court
maprobct	ST	Massachusetts Probate and Family Court
massdistctbos	ST	Boston Municipal Court
massdistctbrook	ST	Brookline District Court
massland	ST	Massachusetts Land Court
masssuperctbarn	ST	Massachusetts Superior Court, Barnstable County
masssuperctberk	ST	Massachusetts Superior Court, Berkshire County
masssuperctsuff	ST	Massachusetts Superior Court, Suffolk County
mdcirctctbalt	ST	Baltimore City Circuit Court
mdcityctbalt	ST	Baltimore City Court
mdorphanctbalt	ST	Baltimore City Orphans' Court
mdsuperctbalt	ST	Baltimore City Superior Court
mesuperct	ST	Superior Court of Maine
michsuperct	ST	Michigan Superior Courts
michsuperctdetr	ST	Michigan Superior Court, Detroit
michsuperctgrap	ST	Michigan Superior Court, Grand Rapids
micirct	ST	Michigan Circuit Court
micirct1	ST	Circuit Court of the 1st Circuit of Michigan
micirct10	ST	Circuit Court of the 10th Circuit of Michigan
micirct11	ST	Circuit Court of the 11th Circuit of Michigan
micirct12	ST	Circuit Court of the 12th Circuit of Michigan
micirct13	ST	Circuit Court of the 13th Circuit of Michigan
micirct14	ST	Circuit Court of the 14th Circuit of Michigan
micirct15	ST	Circuit Court of the 15th Circuit of Michigan
micirct16	ST	Circuit Court of the 16th Circuit of Michigan
micirct17	ST	Circuit Court of the 17th Circuit of Michigan
micirct18	ST	Circuit Court of the 18th Circuit of Michigan
micirct19	ST	Circuit Court of the 19th Circuit of Michigan
micirct2	ST	Circuit Court of the 2nd Circuit of Michigan
micirct20	ST	Circuit Court of the 20th Circuit of Michigan
micirct21	ST	Circuit Court of the 21st Circuit of Michigan
micirct22	ST	Circuit Court of the 22nd Circuit of Michigan
micirct23	ST	Circuit Court of the 23rd Circuit of Michigan
micirct24	ST	Circuit Court of the 24th Circuit of Michigan
micirct25	ST	Circuit Court of the 25th Circuit of Michigan
micirct26	ST	Circuit Court of the 26th Circuit of Michigan
micirct27	ST	Circuit Court of the 27th Circuit of Michigan
micirct28	ST	Circuit Court of the 28th Circuit of Michigan
micirct29	ST	Circuit Court of the 29th Circuit of Michigan
micirct3	ST	Circuit Court of the 3rd Circuit of Michigan
micirct30	ST	Circuit Court of the 30th Circuit of Michigan
micirct31	ST	Circuit Court of the 31st Circuit of Michigan
micirct32	ST	Circuit Court of the 32nd Circuit of Michigan
micirct33	ST	Circuit Court of the 33rd Circuit of Michigan
micirct34	ST	Circuit Court of the 34th Circuit of Michigan
micirct35	ST	Circuit Court of the 35th Circuit of Michigan
micirct36	ST	Circuit Court of the 36th Circuit of Michigan
micirct37	ST	Circuit Court of the 37th Circuit of Michigan
micirct38	ST	Circuit Court of the 38th Circuit of Michigan
micirct39	ST	Circuit Court of the 39th Circuit of Michigan
micirct4	ST	Circuit Court of the 4th Circuit of Michigan
micirct40	ST	Circuit Court of the 40th Circuit of Michigan
micirct41	ST	Circuit Court of the 41st Circuit of Michigan
micirct42	ST	Circuit Court of the 42nd Circuit of Michigan
micirct43	ST	Circuit Court of the 43rd Circuit of Michigan
micirct44	ST	Circuit Court of the 44th Circuit of Michigan
micirct45	ST	Circuit Court of the 45th Circuit of Michigan
micirct46	ST	Circuit Court of the 46th Circuit of Michigan
micirct47	ST	Circuit Court of the 47th Circuit of Michigan
micirct48	ST	Circuit Court of the 48th Circuit of Michigan
micirct49	ST	Circuit Court of the 49th Circuit of Michigan
micirct5	ST	Circuit Court of the 5th Circuit of Michigan
micirct50	ST	Circuit Court of the 50th Circuit of Michigan
micirct51	ST	Circuit Court of the 51st Circuit of Michigan
micirct52	ST	Circuit Court of the 52nd Circuit of Michigan
micirct53	ST	Circuit Court of the 53rd Circuit of Michigan
micirct54	ST	Circuit Court of the 54th Circuit of Michigan
micirct55	ST	Circuit Court of the 55th Circuit of Michigan
micirct56	ST	Circuit Court of the 56th Circuit of Michigan
micirct57	ST	Circuit Court of the 57th Circuit of Michigan
micirct6	ST	Circuit Court of the 6th Circuit of Michigan
micirct7	ST	Circuit Court of the 7th Circuit of Michigan
micirct8	ST	Circuit Court of the 8th Circuit of Michigan
micirct9	ST	Circuit Court of the 9th Circuit of Michigan
misschanceryct	ST	Mississippi Chancery Courts
montereydistct	ST	Monterey District Court
nhsuperct	ST	Superior Court of New Hampshire
njcirct	ST	New Jersey Circuit Court
njcirctcumberla	ST	Cumberland County Circuit Court, N.J.
njcirctessex	ST	Essex County Circuit Court, N.J.
njcirctgloucest	ST	Gloucester County Circuit Court, N.J.
njcirctmercer	ST	Mercer County Circuit Court, N.J.
njcirctmiddlese	ST	Middlesex County Circuit Court, N.J.
njcirctunion	ST	Union County Circuit Court, N.J.
njcirctwarren	ST	Warren County Circuit Court, N.J.
njctcompl	ST	Court of Common Pleas of New Jersey
njfamct	ST	New Jersey Family Court
njfamctbergen	ST	Bergen County Family Court
njfamctcamden	ST	Camden County Family Court
njfamctcapemay	ST	Cape May County Family Court
njfamctcumberla	ST	Cumberland County Family Court
njfamctessex	ST	Essex County Family Court
njfamcthudson	ST	Hudson County Family Court
njfamctmiddlese	ST	Middlesex County Family Court
njfamctmonmouth	ST	Monmouth County Family Court
njfamctmorris	ST	Morris County Family Court
njfamctpassaic	ST	Passaic County Family Court
njfamctsalem	ST	Salem County Family Court
njfamctsomerset	ST	Somerset County Family Court
njfamctsussex	ST	Sussex County Family Court
njfamctunion	ST	Union County Family Court
njlaborcomp	ST	New Jersey Department of Labor Workmen's Compensation Bureau
njmunict	ST	Municipal Courts of New Jersey
njmunictbyram	ST	Byram Township Municipal Court
njmunictdumont	ST	Borough of Dumont Municipal Court
njmunicthacken	ST	Hackensack City Municipal Court
njmunictnewark	ST	Newark Municipal Court
njmunictprince	ST	Borough of Princeton Municipal Court
njmunictsussex	ST	Sussex County Municipal Court
njoytermct	ST	Court of Oyer And Terminer of New Jersey
njpuc	ST	New Jersey Public Utilities Commission
njqrtsessessex	ST	Essex County Court of Quarter Sessions of New Jersey
njqrtsessmorris	ST	Morris County Court of Quarter Sessions
njrecct	ST	New Jersey Recorder's Court
njsuper	ST	New Jersey Superior Court
njsuperatlantic	ST	Atlantic County Superior Court
njsuperbergen	ST	Bergen County Superior Court
njsuperburlingt	ST	Burlington County Superior Court
njsupercamden	ST	Camden County Superior Court
njsupercapemay	ST	Cape May County Superior Court
njsupercumberla	ST	Cumberland County Superior Court
njsuperessex	ST	Essex County Superior Court
njsupergloucest	ST	Gloucester County Superior Court
njsuperhudson	ST	Hudson County Superior Court
njsuperhunterdo	ST	Hunterdon County Superior Court
njsupermercer	ST	Mercer County Superior Court
njsupermiddlese	ST	Middlesex County Superior Court
njsupermonmouth	ST	Monmouth County Superior Court
njsupermorris	ST	Morris County Superior Court
njsuperocean	ST	Ocean County Superior Court
njsuperpassaic	ST	Passaic County Superior Court
njsupersalem	ST	Salem County Superior Court
njsupersussex	ST	Sussex County Superior Court
njsuperwarren	ST	Warren County Superior Court
njsurrct	ST	New Jersey Surrogate's Court
njsurrctatlanti	ST	Atlantic County Surrogate's Court
njsurrctbergen	ST	Bergen County Surrogate's Court
njsurrctcamden	ST	Camden County Surrogate's Court
njsurrctcapemay	ST	Cape May County Surrogate's Court
njsurrctessex	ST	Essex County Surrogate's Court
njsurrcthudson	ST	Hudson County Surrogate's Court
njsurrctmiddles	ST	Middlesex County Surrogate's Court
njsurrctmonmout	ST	Monmouth County Surrogate's Court
njsurrctsomerse	ST	Somerset County Surrogate's Court
njsurrctwarren	ST	Warren County Surrogate's Court
nyalbanycityct	ST	Albany City Court
nyalbanyctyct	ST	New York County Court, Albany County
nyalbanyjustct	ST	Albany City Police Court
nyalbspecsess	ST	Albany Court of Special Sessions
nyalleganyctyct	ST	New York County Court, Allegany County
nyamherstjustct	ST	Amherst Town Court
nyamsterdcityct	ST	Amsterdam City Court
nyauburncityct	ST	Auburn City Court
nybataviacityct	ST	Batavia City Court
nybedfordjustct	ST	Justice Court of Town of Bedford
nybingcityct	ST	Binghamton City Court
nybronxctyct	ST	Bronx County Court
nybroomectyct	ST	New York County Court, Broome County
nybuffalocityct	ST	Buffalo City Court
nycanandcityct	ST	Canandaigua City Court
nycattctyct	ST	New York County Court, Cattaraugus County
nycayugactyct	ST	New York County Court, Cayuga County 
nycfamct	ST	New York City Family Court
nychautctyct	ST	New York County Court, Chautauqua County
nychemungctyct	ST	New York County Court, Chemung County
nychenangoctyct	ST	New York County Court, Chenango County
nyciralbanycty	ST	New York Circuit Court, Albany County
nycircolcty	ST	New York Circuit Court, Columbia County
nycirct	ST	New York Circuit Court
nycirdelcty	ST	New York Circuit Court, Delaware County
nycirdutchcty	ST	New York Circuit Court, Dutchess County
nycirkingscty	ST	New York Circuit Court, Kings County
nycirmonroecty	ST	New York Circuit Court, Monroe County
nycironeidacty	ST	New York Circuit Court, Oneida County
nyciroswegocty	ST	New York Circuit Court, Oswego County
nycityct	ST	New York City Court
nycityctclinton	ST	Clinton City Court, New York
nycityctlittlef	ST	City Court Of Little Falls, New York
nycityctnorw	ST	Norwich City Court, New York
nycityctrenss	ST	Rensselaer City Court, New York
nycitycttomp	ST	Tompkins City Court, New York
nycivctbronx	ST	Civil Court Of The City Of New York, Bronx County
nycivctkings	ST	Civil Court Of The City Of New York, Kings County
nycivctny	ST	Civil Court Of The City Of New York, New York County
nycivctqueens	ST	Civil Court Of The City Of New York, Queens County
nycivctrichm	ST	Civil Court Of The City Of New York, Richmond County
nyclintonctyct	ST	New York County Court, Clinton County
nycohoescityct	ST	Cohoes City Court
nycoloniejustct	ST	Colonie Justice Court
nycolumctyct	ST	New York County Court, Columbia County
nycortlandctyct	ST	New York County Court, Cortland County
nycortlcityct	ST	Cortland City Court
nycountyct	ST	New York County Courts
nycountyctny	ST	New York County Court, New York County
nycrimctbronx	ST	The Criminal Court of the City of New York, Bronx
nycrimctkings	ST	The Criminal Court of the City of New York, Kings
nycrimctnyc	ST	The Criminal Court of the City of New York, New York
nycrimctqueens	ST	The Criminal Court of the City of New York, Queens
nycrimctrichm	ST	The Criminal Court of the City of New York, Richmond
nyctcompl	ST	New York Court of Common Pleas
nydelawarectyct	ST	New York County Court, Delaware County
nydistct	ST	New York District Court
nydistctnassau	ST	Nassau County District Court
nydistctsuffolk	ST	Suffolk County District Court
nydunkirkcityct	ST	Dunkirk City Court
nydutchessctyct	ST	New York County Court, Dutchess County
nyelmiracityct	ST	Elmira City Court
nyeriectyct	ST	New York County Court, Erie County
nyessexctyct	ST	New York County Court, Essex County
nyfamctalbany	ST	New York Family Court, Albany County
nyfamctalleg	ST	New York Family Court, Allegany County
nyfamctbronx	ST	New York Family Court, Bronx County
nyfamctchauta	ST	New York Family Court, Chautauqua County
nyfamctchemung	ST	New York Family Court, Chemung County
nyfamctclinton	ST	New York Family Court, Clinton County
nyfamctdel	ST	Delaware Children's Court
nyfamctdutch	ST	New York Family Court, Dutchess County
nyfamcterie	ST	New York Family Court, Erie County
nyfamctessex	ST	New York Family Court, Essex County
nyfamctfrank	ST	New York Family Court, Franklin County
nyfamctgenesee	ST	New York Family Court, Genesee County
nyfamctgreene	ST	New York Family Court, Greene County
nyfamctjeff	ST	New York Family Court, Jefferson County
nyfamctkings	ST	New York Family Court, Kings County
nyfamctmadison	ST	New York Family Court, Madison County
nyfamctmonroe	ST	New York Family Court, Monroe County
nyfamctmontg	ST	New York Family Court, Montgomery County
nyfamctnassau	ST	New York Family Court, Nassau County
nyfamctniagara	ST	New York Family Court, Niagara County
nyfamctoneida	ST	New York Family Court, Oneida County
nyfamctonond	ST	New York Family Court, Onondaga County
nyfamctontario	ST	New York Family Court, Ontario County
nyfamctorange	ST	New York Family Court, Orange County
nyfamctoswego	ST	New York Family Court, Oswego County
nyfamctotsego	ST	New York Family Court, Otsego County
nyfamctqueens	ST	New York Family Court, Queens County
nyfamctrenss	ST	New York Family Court, Rensselaer County
nyfamctrich	ST	New York Family Court, Richmond County
nyfamctrockl	ST	New York Family Court, Rockland County
nyfamctsaratoga	ST	New York Family Court, Saratoga County
nyfamctschuyler	ST	New York Family Court, Schuyler County
nyfamctseneca	ST	New York Family Court, Seneca County
nyfamctsteuben	ST	New York Family Court, Steuben County
nyfamctstl	ST	New York Family Court, St. Lawrence County
nyfamctsuffolk	ST	New York Family Court, Suffolk County
nyfamctsull	ST	Sullivan County Children's Court
nyfamcttompkins	ST	New York Family Court, Tompkins County
nyfamctulster	ST	New York Family Court, Ulster County
nyfamctwarren	ST	New York Family Court, Warren County
nyfamctwashing	ST	New York Family Court, Washington County
nyfamctwayne	ST	New York Family Court, Wayne County
nyfamctwestch	ST	Westchester County Children's Court
nyfamctyates	ST	New York Family Court, Yates County
nyfrankctyct	ST	New York County Court, Franklin County
nyfultoncityct	ST	Fulton City Court
nyfultonctyct	ST	New York County Court, Fulton County
nygardjust	ST	Garden City Police Court
nygenessctyct	ST	New York County Court, Genesee County
nygenevacityct	ST	Geneva City Court
nygensess	ST	New York Court of General Session of the Peace
nygensesslewis	ST	New York Court of General Sessions, Lewis County
nyglensfcityct	ST	Glens Falls City Court
nygloverscityct	ST	Gloversville City Court
nygreenbjustct	ST	Justice Court of Town of Greenburgh
nygreenectyct	ST	New York County Court, Greene County
nygtnkpljustct	ST	Great Neck Plaza Village Court
nyhamilctyct	ST	New York County Court, Hamilton County
nyhempjustct	ST	Hempstead Justice Court
nyherkimerctyct	ST	New York County Court, Herkimer County
nyhornellcityct	ST	Hornell City Court
nyhudsoncityct	ST	Hudson City Court
nyhunterjustct	ST	Hunter Justice Court
nyhydepkjustct	ST	Hyde Park Justice Court
nyithacacityct	ST	Ithaca City Court
nyjamescityct	ST	Jamestown City Court
nyjeffctyct	ST	New York County Court, Jefferson County
nyjustct	ST	New York Justice Court
nyjustctamsterd	ST	Amsterdam Police Court
nyjustctarcadia	ST	Arcadia Justice Court
nyjustctardsley	ST	Justice Court of Village of Ardsley
nyjustctaurora	ST	Aurora Justice Court
nyjustctbellp	ST	Justice Court of the Village of Bellport
nyjustctbethl	ST	Justice Court Of The Town Of Bethlehem
nyjustctblasdel	ST	Justice Court of Village of Blasdell
nyjustctbriarcl	ST	Justice Court of Village of Briarcliff Manor
nyjustctbrighto	ST	Justice Court of Town of Brighton
nyjustctbronxvi	ST	Justice Court of Village of Bronxville
nyjustctcambria	ST	Justice Court Of The Town Of Cambria
nyjustctcamillu	ST	Camillus Justice Court
nyjustctcanaan	ST	Canaan Justice Court
nyjustctcanton	ST	Canton Justice Court
nyjustctcarmel	ST	Justice Court of Town of Carmel
nyjustctcayugah	ST	Justice Court of Village of Cayuga Heights
nyjustctchatam	ST	Justice Court of Town of Chatam
nyjustctcheekto	ST	Cheektowaga Justice Court
nyjustctchenang	ST	Chenango Justice Court
nyjustctchili	ST	Chili Justice Court
nyjustctclarks	ST	Clarkstown Justice Court
nyjustctclifton	ST	Clifton Park Justice Court
nyjustctclinton	ST	Justice Court of the Town of Clinton
nyjustctcohoes	ST	Cohoes Police Court
nyjustctcornwal	ST	Cornwall Justice Court
nyjustctcortlan	ST	Cortlandt Town Court
nyjustctdeerp	ST	Justice Court of the Town of Deerpark
nyjustctdepew	ST	Depew Justice Court
nyjustctdewitt	ST	DeWitt Justice Court
nyjustctdickins	ST	Dickinson Justice Court
nyjustctdix	ST	Dix Town Court
nyjustctdobbsfe	ST	Dobbs Ferry Justice Court
nyjustcteastche	ST	Eastchester Justice Court
nyjustcteastroc	ST	East Rochester Justice Court
nyjustctefishk	ST	Justice Court Of The Town Of East Fishkill
nyjustctelma	ST	Elma Justice Court
nyjustctelmsfor	ST	Justice Court of Village of Elmsford
nyjustctfairpor	ST	Justice Court of Village of Fairport
nyjustctfarmi	ST	Justice Court of the Village of Farmingdale
nyjustctfishkil	ST	Justice Court of Town of Fishkill
nyjustctfleisch	ST	Justice Court of Village of Fleischmanns
nyjustctfrankfo	ST	Frankfort Justice Court
nyjustctgates	ST	Gates Town Court
nyjustctgeneseo	ST	Geneseo Justice Court
nyjustctgeneva	ST	Justice Court of the Town of Geneva
nyjustctgreece	ST	Greece Justice Court
nyjustctgreenpo	ST	Town of Greenport Justice Court
nyjustcthampt	ST	Justice Court Of The Town Of Hamptonburgh
nyjustctharriso	ST	Harrison Town Court
nyjustcthasting	ST	Justice Court of Village of Hastings-on-Hudson
nyjustcthaverst	ST	Haverstraw Justice Court
nyjustcthenriet	ST	Henrietta Justice Court
nyjustctherkime	ST	Herkimer Justice Court
nyjustcthighlan	ST	Highlands Justice Court
nyjustcthorsehe	ST	Horseheads Justice Court
nyjustcthunting	ST	Justice Court of Village of Huntington Bay
nyjustctirondeq	ST	Justice Court of Town of Irondequoit
nyjustctkingsbu	ST	Kingsbury Justice Court
nyjustctkingspo	ST	Justice Court of Village of Kings Point
nyjustctlarchmo	ST	Justice Court of Village of Larchmont
nyjustctlatting	ST	Lattingtown Village Court
nyjustctlindenh	ST	Justice Court of Village of Lindenhurst
nyjustctlloydha	ST	Lloyd Harbor Village Police Court
nyjustctlockpor	ST	Justice Court of Town of Lockport
nyjustctlowvill	ST	Lowville Justice Court
nyjustctlynbroo	ST	Village Justice Court of Village of Lynbrook
nyjustctmamaron	ST	Mamaroneck Justice Court
nyjustctmassape	ST	Justice Court of Village of Massapequa
nyjustctmassena	ST	Massena City Police Court
nyjustctmaybroo	ST	Maybrook Police Court
nyjustctmendon	ST	Mendon Justice Court
nyjustctmillert	ST	Millerton Village Court
nyjustctmills	ST	New York Mills Village Court
nyjustctmonroe	ST	Monroe Justice Court
nyjustctmonte	ST	Justice Court of Village of Montebello
nyjustctmontice	ST	Justice Court of Village of Monticello
nyjustctmountki	ST	Mount Kisco Police Court
nyjustctmutton	ST	Justice Court of Village of Muttontown
nyjustctnewark	ST	Justice Court of Village of Newark
nyjustctnewburg	ST	Justice Court of Town of Newburgh
nyjustctnewpalt	ST	New Paltz Justice Court
nyjustctnewscot	ST	Justice Court Of The Town Of New Scotland
nyjustctnewwind	ST	New Windsor Justice Court
nyjustctniska	ST	Justice Court of the Town of Niskayuna
nyjustctnorthca	ST	North Castle Justice Court
nyjustctnorthgr	ST	North Greenbush Justice Court
nyjustctnorthhi	ST	Justice Court of Village of North Hills
nyjustctnorthp	ST	Justice Court of the Village of Northport
nyjustctoakfiel	ST	Oakfield Justice Court
nyjustctoceanbe	ST	Justice Court of Village of Ocean Beach
nyjustctogden	ST	Ogden Justice Court
nyjustctonondag	ST	Onondaga Town Court
nyjustctorange	ST	Orangetown Justice Court
nyjustctorchard	ST	Justice Court of Village of Orchard Park
nyjustctossinin	ST	Justice Court of Town of Ossining
nyjustctowego	ST	Owego Justice Court
nyjustctoysterb	ST	Justice Court Of The Village Of Oyster Bay Cove
nyjustctparma	ST	Justice Court of Village of Parma
nyjustctpendl	ST	Justice Court of Town of Pendleton
nyjustctpenfiel	ST	Penfield Justice Court
nyjustctperinto	ST	Justice Court of Town of Perinton
nyjustctpierm	ST	Justice Court of the Village of Piermont
nyjustctpleasan	ST	Pleasant Valley Justice Court
nyjustctportche	ST	Justice Court of Village of Port Chester
nyjustctportwa	ST	Justice Court of Village of Port Washington
nyjustctpoughke	ST	Poughkeepsie Justice Court
nyjustctpoundri	ST	Justice Court of Village of Pound Ridge
nyjustctramapo	ST	Justice Court of Town of Ramapo
nyjustctredhook	ST	Justice Court of Village of Red Hook
nyjustctrhinebe	ST	Justice Court of Town of Rhinebeck
nyjustctrockvil	ST	Rockville Centre Village Court
nyjustctroslynh	ST	Justice Court of Village of Roslyn Harbor
nyjustctsandlak	ST	Sand Lake Justice Court
nyjustctscarsda	ST	Justice Court of Scarsdale
nyjustctschuyle	ST	Schuyler Justice Court
nyjustctseaclif	ST	Sea Cliff Justice Court
nyjustctsleepyh	ST	Justice Court of Village of Sleepy Hollow
nyjustctsomers	ST	Justice Court of the Town of Somers
nyjustctsouthny	ST	Justice Court of Village of South Nyack
nyjustctspringc	ST	Spring City Police Court
nyjustctspringv	ST	Justice Court of Village of Spring Valley
nyjustctstarkey	ST	Starkey Town Court
nyjustctstuyv	ST	Justice Court Of The Town Of Stuyvesant, Columbia County
nyjustctsuffern	ST	Justice Court of Village of Suffern
nyjustcttarryt	ST	Justice Court of The Town Of Tarrytown
nyjustctthenyac	ST	Justice Court of the Village of Nyack
nyjustcttonawan	ST	Justice Court of Tonawanda
nyjustcttuckaho	ST	Justice Court of Village of Tuckahoe
nyjustcttuxedo	ST	Justice Court of the Village of Tuxedo
nyjustctulster	ST	Ulster Justice Court
nyjustctwapping	ST	Wappinger Justice Court
nyjustctwells	ST	Justice Court of Town of Wells
nyjustctwestbur	ST	Justice Court of Village of Westbury
nyjustctwoodbur	ST	Woodbury Justice Court
nyjustctwoodsto	ST	Justice Court of Village of Woodstock
nyjustctyonkers	ST	Yonkers Justice Court
nyjustctyork	ST	Justice Court of Town of Yorktown
nykensjustct	ST	Kensington Village Court
nykinderjustct	ST	Kinderhook Justice Court
nykingsctyct	ST	New York County Court, Kings County
nykingstcityct	ST	Kingston City Court
nylackawcityct	ST	Lackawanna City Court
nylagrjustct	ST	LaGrange Justice Court
nylbccityct	ST	Long Beach City Court
nylewisctyct	ST	New York County Court, Lewis County
nylivingstctyct	ST	New York County Court, Livingston County
nylockpcityct	ST	Lockport City Court, New York
nymadctyct	ST	New York County Court, Madison County
nymagct	ST	New York Magistrate Court
nymassapkjustct	ST	Massapequa Park Justice Court
nymiddletcityct	ST	Middletown City Court
nymonroectyct	ST	New York County Court, Monroe County
nymontctyct	ST	New York County Court, Montgomery County
nymtverncityct	ST	Mount Vernon City Court
nynassaucityct	ST	Nassau City Court
nynassctyct	ST	New York County Court, Nassau County
nynewburcityct	ST	Newburgh City Court
nynewroccityct	ST	New Rochelle City Court
nyniagaracityct	ST	Niagara Falls City Court
nyniagaractyct	ST	New York County Court, Niagara County
nynyccityct	ST	City of New York Municipal Court
nynycmagct	ST	New York City Magistrates' Court
nynycspecsess	ST	New York City Court of Special Sessions
nyoneidacityct	ST	Oneida City Court
nyoneidactyct	ST	Oneida County Court
nyoniedactyct	ST	New York County Court, Onieda County
nyonondagactyct	ST	New York County Court, Onondaga County
nyontarioctyct	ST	New York County Court, Ontario County
nyorangectyct	ST	New York County Court, Orange County
nyorleansctyct	ST	New York County Court, Orleans County
nyoswegocityct	ST	Oswego City Court
nyoswegoctyct	ST	New York County Court, Oswego County
nyotsegoctyct	ST	New York County Court, Otsego County
nyoyqueens	ST	Oyer and Terminer, Queens County
nyoytermctalb	ST	Oyer and Terminer, Albany County
nyoytermctnyc	ST	Oyer and Terminer, New York County
nyoytermctren	ST	Oyer and Terminer, Rensselaer County
nyoytermctwash	ST	Oyer and Terminer, Washington County
nypeekskcityct	ST	Peekskill City Court
nyplattscityct	ST	Plattsburgh City Court
nyportjercityct	ST	Port Jervis City Court
nypoughcityct	ST	Poughkeepsie City Court
nyputnamctyct	ST	New York County Court, Putnam County
nyqueensctyct	ST	New York County Court, Queens County
nyrecctnewburgh	ST	Newburgh Recorder's Court
nyrensctyct	ST	New York County Court, Rensselaer County
nyrichmondctyct	ST	New York County Court, Richmond County
nyroccityct	ST	Rochester City Court
nyrocklandctyct	ST	New York County Court, Rockland County
nyromecityct	ST	Rome City Court
nyryecityct	ST	Rye City Court
nysaratocityct	ST	Saratoga Springs City Court
nysaratogactyct	ST	New York County Court, Saratoga County
nyschencityct	ST	Schenectady City Court
nyschenctyct	ST	New York County Court, Schenectady County
nyschoharctyct	ST	New York County Court, Schoharie County
nyschuylerctyct	ST	New York County Court, Schuyler County
nysenctyct	ST	New York County Court, Seneca County
nysessct	ST	New York Court of Sessions
nysessctalbany	ST	New York Court of Session, Albany County
nysessctchauta	ST	New York Court of Session, Chautauqua County
nysessctgenesee	ST	New York Court of Sessions, Genesee County
nysessctlewis	ST	New York Court of Sessions, Lewis County
nysessctnyc	ST	Court of Sessions, New York County
nysessctorange	ST	New York Court of Sessions, Orange County
nysessctqueens	ST	New York Court of Sessions, Queens County
nysessctren	ST	New York Court of Sessions, Rensselaer County
nysessctrock	ST	New York Court of Sessions, Rockland County
nysessctulster	ST	New York Court of Sessions, Ulster County
nyspecsessct	ST	New York Court of Special Session
nysteubenctyct	ST	New York County Court, Steuben County
nystlawctyct	ST	New York County Court, St. Lawrence County
nysuffolkctyct	ST	New York County Court, Suffolk County
nysullivanctyct	ST	New York County Court, Sullivan County
nysupct	ST	New York Supreme Court
nysupctalbany	ST	New York Supreme Court, Albany County
nysupctalgny	ST	New York Supreme Court, Allegany County
nysupctbrm	ST	New York Supreme Court, Broome County
nysupctbrnx	ST	New York Supreme Court, Bronx County
nysupctcayuga	ST	New York Supreme Court, Cayuga County
nysupctchenango	ST	New York Supreme Court, Chenango County
nysupctchmng	ST	New York Supreme Court, Chemung County
nysupctchtq	ST	New York Supreme Court, Chautauqua County
nysupctclinton	ST	New York Supreme Court, Clinton County
nysupctclmb	ST	New York Supreme Court, Columbia County
nysupctcrtlnd	ST	New York Supreme Court, Cortland County
nysupctctrgs	ST	New York Supreme Court, Cattaraugus County
nysupctdlwr	ST	New York Supreme Court, Delaware County
nysupctdtchss	ST	New York Supreme Court, Dutchess County
nysupcterie	ST	New York Supreme Court, Erie County
nysupctessex	ST	New York Supreme Court, Essex County
nysupctfltn	ST	New York Supreme Court, Fulton County
nysupctfrnkln	ST	New York Supreme Court, Franklin County
nysupctgnss	ST	New York Supreme Court, Genesee County
nysupctgrn	ST	New York Supreme Court, Greene County
nysupcthrkmr	ST	New York Supreme Court, Herkimer County
nysupctjffrsn	ST	New York Supreme Court, Jefferson County
nysupctkings	ST	New York Supreme Court, Kings County
nysupctlewis	ST	New York Supreme Court, Lewis County
nysupctlvngstn	ST	New York Supreme Court, Livingston County
nysupctmdsn	ST	New York Supreme Court, Madison County
nysupctmntgmry	ST	New York Supreme Court, Montgomery County
nysupctmonroe	ST	New York Supreme Court, Monroe County
nysupctnewyork	ST	New York Supreme Court, New York County
nysupctniagra	ST	New York Supreme Court, Niagara County
nysupctnndg	ST	New York Supreme Court, Onondaga County
nysupctnss	ST	New York Supreme Court, Nassau County
nysupctntr	ST	New York Supreme Court, Ontario County
nysupctoneida	ST	New York Supreme Court, Oneida County
nysupctorange	ST	New York Supreme Court, Orange County
nysupctostego	ST	New York Supreme Court, Otsego County
nysupctptnm	ST	New York Supreme Court, Putnam County
nysupctqueens	ST	New York Supreme Court, Queens County
nysupctrcklnd	ST	New York Supreme Court, Rockland County
nysupctren	ST	New York Supreme Court, Rensselaer County
nysupctrichmond	ST	New York Supreme Court, Richmond County
nysupctrlns	ST	New York Supreme Court, Orleans County
nysupctschnec	ST	New York Supreme Court, Schenectady County
nysupctscho	ST	New York Supreme Court, Schoharie County
nysupctschuy	ST	New York Supreme Court, Schuyler County
nysupctsllvn	ST	New York Supreme Court, Sullivan County
nysupctsnc	ST	New York Supreme Court, Seneca County
nysupctsntlw	ST	New York Supreme Court, St. Lawrence County
nysupctsrtg	ST	New York Supreme Court, Saratoga County
nysupctstbn	ST	New York Supreme Court, Steuben County
nysupctswg	ST	New York Supreme Court, Oswego County
nysupcttioga	ST	New York Supreme Court, Tioga County
nysupcttmpkns	ST	New York Supreme Court, Tompkins County
nysupctulster	ST	New York Supreme Court, Ulster County
nysupctwarren	ST	New York Supreme Court, Warren County
nysupctwash	ST	New York Supreme Court, Washington County
nysupctwayne	ST	New York Supreme Court, Wayne County
nysupctwster	ST	New York Supreme Court, Westchester County
nysupctwyom	ST	New York Supreme Court, Wyoming County
nysupctyates	ST	New York Supreme Court, Yates County
nysuperctbuf	ST	Superior Court of Buffalo
nysuperctnyc	ST	The Superior Court of New York City
nysuprctfflk	ST	New York Supreme Court, Suffolk County
nysurctalbany	ST	Surrogate's Court, Albany County
nysurctbronx	ST	Surrogate's Court, Bronx County
nysurctbroome	ST	Surrogate's Court, Broome County
nysurctcattar	ST	Surrogate's Court, Cattaraugus County
nysurctchauta	ST	Surrogate's Court, Chautauqua County
nysurctcortland	ST	Surrogate's Court, Cortland County
nysurctdelaware	ST	Surrogate's Court, Delaware County
nysurctdutchess	ST	Surrogate's Court, Dutchess County
nysurcterie	ST	Surrogate's Court, Erie County
nysurctessex	ST	Surrogate's Court, Essex County
nysurctfranklin	ST	Surrogate's Court, Franklin County
nysurctgenesee	ST	Surrogate's Court, Genesee County
nysurctjefferso	ST	Surrogate's Court, Jefferson County
nysurctkings	ST	Surrogate's Court, Kings County
nysurctmadison	ST	Surrogate's Court, Madison County
nysurctmonroe	ST	Surrogate's Court, Monroe County
nysurctnassau	ST	Surrogate's Court, Nassau County
nysurctnyc	ST	Surrogate's Court, New York County
nysurctoneida	ST	Surrogate's Court, Oneida County
nysurctonond	ST	Surrogate's Court, Onondaga County
nysurctorange	ST	Surrogate's Court, Orange County
nysurctputnam	ST	Surrogate's Court, Putnam County
nysurctqueens	ST	Surrogate's Court, Queens County
nysurctrenssela	ST	Surrogate's Court, Rensselaer County
nysurctrichmond	ST	Surrogate's Court, Richmond County
nysurctrockland	ST	Surrogate's Court, Rockland County
nysurctsaratoga	ST	Surrogate's Court, Saratoga County
nysurctschenect	ST	Surrogate's Court, Schenectady County
nysurctsuffolk	ST	Surrogate's Court, Suffolk County
nysurctsullivan	ST	Surrogate's Court, Sullivan County
nysurcttompkins	ST	Surrogate's Court, Tompkins County
nysurctulster	ST	Surrogate's Court, Ulster County
nysurctwarren	ST	Surrogate's Court, Warren County
nysurctwayne	ST	Surrogate's Court, Wayne County
nysurctwestches	ST	Surrogate's Court, Westchester County
nysurctwyo	ST	Surrogate's Court, Wyoming County
nysurctyates	ST	Surrogate's Court, Yates County
nysyrcityct	ST	Syracuse City Court
nytaghjustct	ST	Taghkanic Justice Court
nytiogactyct	ST	New York County Court, Tioga County
nytompkinsctyct	ST	New York County Court, Tompkins County
nytonacityct	ST	Tonawanda City Court
nytroycityct	ST	Troy City Court
nytroyjustct	ST	Troy City Police Court
nyulsterctyct	ST	New York County Court, Ulster County
nyuticacityct	ST	Utica City Court
nyvalstrjustct	ST	Valley Stream Justice Court
nywarrenctyct	ST	New York County Court, Warren County
nywashctyct	ST	New York County Court, Washington County
nywatertcityct	ST	Watertown City Court
nywaynectyct	ST	New York County Court, Wayne County
nywebsterjustct	ST	Webster Justice of the Peace Court
nywestchcityct	ST	City Court of Westchester
nywestchcty	ST	New York County Court, Westchester County
nywhplncityct	ST	White Plains City Court
nywyomingctyct	ST	New York County Court, Wyoming County
nyyatesctyct	ST	New York County Court, Yates County
nyyonkerscityct	ST	Yonkers City Court
ohcirctadams	ST	Adams Circuit Court
ohcirctallen	ST	Allen Circuit Court
ohcirctashland	ST	Ashland Circuit Court
ohcirctashtabul	ST	Ashtabula Circuit Court
ohcirctathens	ST	Athens Circuit Court
ohcirctauglaize	ST	Auglaize County Circuit Court
ohcirctbelmont	ST	Belmont Circuit Court
ohcirctbrown	ST	Brown Circuit Court
ohcirctbutler	ST	Butler Circuit Court
ohcirctcarroll	ST	Carroll Circuit Court
ohcirctchampaig	ST	Champaign Circuit Court
ohcirctclark	ST	Clark Circuit Court
ohcirctclermont	ST	Clermont Circuit Court
ohcirctclinton	ST	Clinton Circuit Court
ohcirctcolumbia	ST	Columbiana Circuit Court
ohcirctcoshocto	ST	Coshocton Circuit Court
ohcirctcrawford	ST	Crawford Circuit Court
ohcirctcuyahoga	ST	Cuyahoga Circuit Court
ohcirctdarke	ST	Darke Circuit Court
ohcirctdefiance	ST	Defiance Circuit Court
ohcirctdelaware	ST	Delaware Circuit Court
ohcircterie	ST	Erie Circuit Court
ohcirctfairfiel	ST	Fairfield Circuit Court
ohcirctfayette	ST	Fayette Circuit Court
ohcirctfranklin	ST	Franklin Circuit Court
ohcirctfulton	ST	Fulton Circuit Court
ohcirctgeauga	ST	Geauga Circuit Court
ohcirctgreene	ST	Greene Circuit Court
ohcirctguernsey	ST	Guernsey Circuit Court
ohcircthamilton	ST	Hamilton Circuit Court
ohcircthancock	ST	Hancock Circuit Court
ohcircthancook	ST	Hancook Circuit Court
ohcircthardin	ST	Hardin Circuit Court
ohcirctharrison	ST	Harrison Circuit Court
ohcircthenry	ST	Henry Circuit Court
ohcircthighland	ST	Highland Circuit Court
ohcirctholmes	ST	Holmes Circuit Court
ohcircthuron	ST	Huron Circuit Court
ohcirctjackson	ST	Jackson Circuit Court
ohcirctjefferso	ST	Jefferson Circuit Court
ohcirctknox	ST	Knox County Circuit Court
ohcirctlake	ST	Lake County Circuit Court
ohcirctlawrence	ST	Lawrence Circuit Court
ohcirctlicking	ST	Licking Circuit Court
ohcirctlogan	ST	Logan Circuit Court
ohcirctlorain	ST	Lorain Circuit Court
ohcirctlucas	ST	Lucas Circuit Court
ohcirctmadison	ST	Madison Circuit Court
ohcirctmahoning	ST	Mahoning Circuit Court
ohcirctmarion	ST	Marion Circuit Court
ohcirctmedina	ST	Medina Circuit Court
ohcirctmeigs	ST	Meigs Circuit Court
ohcirctmercer	ST	Mercer Circuit Court
ohcirctmiami	ST	Miami Circuit Court
ohcirctmonroe	ST	Monroe Circuit Court
ohcirctmontgome	ST	Montgomery Circuit Court
ohcirctmorgan	ST	Morgan Circuit Court
ohcirctmorrow	ST	Morrow Circuit Court
ohcirctmuskingu	ST	Muskingum Circuit Court
ohcirctnoble	ST	Noble Circuit Court
ohcirctottawa	ST	Ottawa Circuit Court
ohcirctpaulding	ST	Paulding Circuit Court
ohcirctperry	ST	Perry Circuit Court
ohcirctpickaway	ST	Pickaway Circuit Court
ohcirctpike	ST	Pike Circuit Court
ohcirctportage	ST	Portage Circuit Court
ohcirctpreble	ST	Preble Circuit Court
ohcirctputnam	ST	Putnam Circuit Court
ohcirctrichland	ST	Richland Circuit Court
ohcirctross	ST	Ross Circuit Court
ohcirctsandusky	ST	Sandusky Circuit Court
ohcirctscioto	ST	Scioto Circuit Court
ohcirctseneca	ST	Seneca Circuit Court
ohcirctshelby	ST	Shelby Circuit Court
ohcirctstark	ST	Stark Circuit Court
ohcirctsummit	ST	Summit Circuit Court
ohcircttaggart	ST	Taggart Circuit Court
ohcircttrumbull	ST	Trumbull Circuit Court
ohcircttuscaraw	ST	Tuscarawas Circuit Court
ohcirctunion	ST	Union County Circuit Court
ohcirctvanwert	ST	Van Wert Circuit Court
ohcirctvinton	ST	Vinton County Circuit Court
ohcirctwarren	ST	Warren Circuit Court
ohcirctwayne	ST	Wayne Circuit Court
ohcirctwilliams	ST	Williams Circuit Court
ohcirctwood	ST	Wood Circuit Court
ohcirctwyandot	ST	Wyandot Circuit Court
ohcirctwyandott	ST	Wyandotte County Circuit Court
ohctapp10	ST	Court of Appeals of Ohio, Tenth District
ohctapp10frankl	ST	Court of Appeals of Ohio, Tenth District, Franklin County
ohctapp11	ST	Court of Appeals of Ohio, Eleventh District
ohctapp11ashtab	ST	Court of Appeals of Ohio, Eleventh District, Ashtabula County
ohctapp11geauga	ST	Court of Appeals of Ohio, Eleventh District, Geauga County
ohctapp11lake	ST	Court of Appeals of Ohio, Eleventh District, Lake County
ohctapp11portag	ST	Court of Appeals of Ohio, Eleventh District, Portage County
ohctapp11trumbu	ST	Court of Appeals of Ohio, Eleventh District, Trumbull County
ohctapp12	ST	Court of Appeals of Ohio, Twelfth District
ohctapp12brown	ST	Court of Appeals of Ohio, Twelfth District, Brown County
ohctapp12butler	ST	Court of Appeals of Ohio, Twelfth District, Butler County
ohctapp12clermo	ST	Court of Appeals of Ohio, Twelfth District, Clermont County
ohctapp12clinto	ST	Court of Appeals of Ohio, Twelfth District, Clinton County
ohctapp12fayett	ST	Court of Appeals of Ohio, Twelfth District, Fayette County
ohctapp12madiso	ST	Court of Appeals of Ohio, Twelfth District, Madison County
ohctapp12preble	ST	Court of Appeals of Ohio, Twelfth District, Preble County
ohctapp12warren	ST	Court of Appeals of Ohio, Twelfth District, Warren County
ohctapp1hamilto	ST	Court of Appeals of Ohio, First District, Hamilton County
ohctapp2	ST	Court of Appeals of Ohio, Second District
ohctapp2champai	ST	Court of Appeals of Ohio, Second District, Champaign County
ohctapp2clark	ST	Court of Appeals of Ohio, Second District, Clark County
ohctapp2darke	ST	Court of Appeals of Ohio, Second District, Darke County
ohctapp2greene	ST	Court of Appeals of Ohio, Second District, Greene County
ohctapp2miami	ST	Court of Appeals of Ohio, Second District, Miami County
ohctapp2montgom	ST	Court of Appeals of Ohio, Second District, Montgomery County
ohctapp3	ST	Court of Appeals of Ohio, Third District
ohctapp3allen	ST	Court of Appeals of Ohio, Third District, Allen County
ohctapp3auglaiz	ST	Court of Appeals of Ohio, Third District, Auglaize County
ohctapp3crawfor	ST	Court of Appeals of Ohio, Third District, Crawford County
ohctapp3defianc	ST	Court of Appeals of Ohio, Third District, Defiance County
ohctapp3hancock	ST	Court of Appeals of Ohio, Third District, Hancock County
ohctapp3hardin	ST	Court of Appeals of Ohio, Third District, Hardin County
ohctapp3henry	ST	Court of Appeals of Ohio, Third District, Henry County
ohctapp3logan	ST	Court of Appeals of Ohio, Third District, Logan County
ohctapp3marion	ST	Court of Appeals of Ohio, Third District, Marion County
ohctapp3mercer	ST	Court of Appeals of Ohio, Third District, Mercer County
ohctapp3pauldin	ST	Court of Appeals of Ohio, Third District, Paulding County
ohctapp3putnam	ST	Court of Appeals of Ohio, Third District, Putnam County
ohctapp3seneca	ST	Court of Appeals of Ohio, Third District, Seneca County
ohctapp3shelby	ST	Court of Appeals of Ohio, Third District, Shelby County
ohctapp3union	ST	Court of Appeals of Ohio, Third District, Union County
ohctapp3vanwert	ST	Court of Appeals of Ohio, Third District, Van Wert County
ohctapp3wyandot	ST	Court of Appeals of Ohio, Third District, Wyandot County
ohctapp4	ST	Court of Appeals of Ohio, Fourth District
ohctapp4adams	ST	Court of Appeals of Ohio, Fourth District, Adams County
ohctapp4athens	ST	Court of Appeals of Ohio, Fourth District, Athens County
ohctapp4gallia	ST	Court of Appeals of Ohio, Fourth District, Gallia County
ohctapp4highlan	ST	Court of Appeals of Ohio, Fourth District, Highland County
ohctapp4hocking	ST	Court of Appeals of Ohio, Fourth District, Hocking County
ohctapp4jackson	ST	Court of Appeals of Ohio, Fourth District, Jackson County
ohctapp4lawrenc	ST	Court of Appeals of Ohio, Fourth District, Lawrence County
ohctapp4meigs	ST	Court of Appeals of Ohio, Fourth District, Meigs County
ohctapp4pickawa	ST	Court of Appeals of Ohio, Fourth District, Pickaway County
ohctapp4pike	ST	Court of Appeals of Ohio, Fourth District, Pike County
ohctapp4ross	ST	Court of Appeals of Ohio, Fourth District, Ross County
ohctapp4scioto	ST	Court of Appeals of Ohio, Fourth District, Scioto County
ohctapp4vinton	ST	Court of Appeals of Ohio, Fourth District, Vinton County
ohctapp4washing	ST	Court of Appeals of Ohio, Fourth District, Washington County
ohctapp5	ST	Court of Appeals of Ohio, Fifth District
ohctapp5ashland	ST	Court of Appeals of Ohio, Fifth District, Ashland County
ohctapp5coshoct	ST	Court of Appeals of Ohio, Fifth District, Coshocton County
ohctapp5delawar	ST	Court of Appeals of Ohio, Fifth District, Delaware County
ohctapp5fairfie	ST	Court of Appeals of Ohio, Fifth District, Fairfield County
ohctapp5guernse	ST	Court of Appeals of Ohio, Fifth District, Guernsey County
ohctapp5holmes	ST	Court of Appeals of Ohio, Fifth District, Holmes County
ohctapp5knox	ST	Court of Appeals of Ohio, Fifth District, Knox County
ohctapp5licking	ST	Court of Appeals of Ohio, Fifth District, Licking County
ohctapp5morgan	ST	Court of Appeals of Ohio, Fifth District, Morgan County
ohctapp5morrow	ST	Court of Appeals of Ohio, Fifth District, Morrow County
ohctapp5musking	ST	Court of Appeals of Ohio, Fifth District, Muskingum County
ohctapp5richlan	ST	Court of Appeals of Ohio, Fifth District, Richland County
ohctapp5stark	ST	Court of Appeals of Ohio, Fifth District, Stark County
ohctapp5tuscara	ST	Court of Appeals of Ohio, Fifth District, Tuscarawas County
ohctapp6	ST	Court of Appeals of Ohio, Sixth District
ohctapp6erie	ST	Court of Appeals of Ohio, Sixth District, Erie County
ohctapp6fulton	ST	Court of Appeals of Ohio, Sixth District, Fulton County
ohctapp6huron	ST	Court of Appeals of Ohio, Sixth District, Huron County
ohctapp6lucas	ST	Court of Appeals of Ohio, Sixth District, Lucas County
ohctapp6ottawa	ST	Court of Appeals of Ohio, Sixth District, Ottawa County
ohctapp6sandusk	ST	Court of Appeals of Ohio, Sixth District, Sandusky County
ohctapp6william	ST	Court of Appeals of Ohio, Sixth District, Williams County
ohctapp6wood	ST	Court of Appeals of Ohio, Sixth District, Wood County
ohctapp7	ST	Court of Appeals of Ohio, Seventh District
ohctapp7belmont	ST	Court of Appeals of Ohio, Seventh District, Belmont County
ohctapp7carroll	ST	Court of Appeals of Ohio, Seventh District, Carroll County
ohctapp7columbi	ST	Court of Appeals of Ohio, Seventh District, Columbiana County
ohctapp7harriso	ST	Court of Appeals of Ohio, Seventh District, Harrison County
ohctapp7jeffers	ST	Court of Appeals of Ohio, Seventh District, Jefferson County
ohctapp7mahonin	ST	Court of Appeals of Ohio, Seventh District, Mahoning County
ohctapp7monroe	ST	Court of Appeals of Ohio, Seventh District, Monroe County
ohctapp7noble	ST	Court of Appeals of Ohio, Seventh District, Noble County
ohctapp8	ST	Court of Appeals of Ohio, Eighth District
ohctapp8cuyahog	ST	Court of Appeals of Ohio, Eighth District, Cuyahoga County
ohctapp9	ST	Court of Appeals of Ohio, Ninth District
ohctapp9lorain	ST	Court of Appeals of Ohio, Ninth District, Lorain County
ohctapp9medina	ST	Court of Appeals of Ohio, Ninth District, Medina County
ohctapp9summit	ST	Court of Appeals of Ohio, Ninth District, Summit County
ohctapp9wayne	ST	Court of Appeals of Ohio, Ninth District, Wayne County
ohctcompladams	ST	Adams County Court of Common Pleas
ohctcomplallen	ST	Allen County Court of Common Pleas
ohctcomplashlan	ST	Ashland County Court of Common Pleas
ohctcomplashtab	ST	Ashtabula County Court of Common Pleas
ohctcomplathens	ST	Athens County Court of Common Pleas
ohctcomplauglai	ST	Auglaize County Court of Common Pleas
ohctcomplbelmon	ST	Belmont County Court of Common Pleas
ohctcomplboss	ST	Boss County Court of Common Pleas
ohctcomplbrown	ST	Brown County Court of Common Pleas
ohctcomplbutler	ST	Butler County Court of Common Pleas
ohctcomplcarrol	ST	Carroll County Court of Common Pleas
ohctcomplchampa	ST	Champaign County Court of Common Pleas
ohctcomplclark	ST	Clark County Court of Common Pleas
ohctcomplclarke	ST	Clarke County Court of Common Pleas
ohctcomplclermo	ST	Clermont County Court of Common Pleas
ohctcomplclinto	ST	Clinton County Court of Common Pleas
ohctcomplcolumb	ST	Columbiana County Court of Common Pleas
ohctcomplcoshoc	ST	Coshocton County Court of Common Pleas
ohctcomplcrawfo	ST	Crawford County Court of Common Pleas
ohctcomplcuyaho	ST	Cuyahoga County Common Pleas Court
ohctcompldarke	ST	Darke County Court of Common Pleas
ohctcompldefian	ST	Defiance County Court of Common Pleas
ohctcompldelawa	ST	Delaware County Court of Common Pleas
ohctcomplerie	ST	Erie County Court of Common Pleas
ohctcomplfairfi	ST	Fairfield County Court of Common Pleas
ohctcomplfayett	ST	Fayette County Court of Common Pleas
ohctcomplfrankl	ST	Court of Common Pleas of Ohio, Franklin County, Civil Division
ohctcomplfulton	ST	Fulton County Court of Common Pleas
ohctcomplgalia	ST	Galia County Court of Common Pleas
ohctcomplgallia	ST	Gallia County Court of Common Pleas
ohctcomplgeauga	ST	Geauga County Court of Common Pleas
ohctcomplgreen	ST	Green County Court of Common Pleas
ohctcomplgreene	ST	Greene County Court of Common Pleas
ohctcomplguerns	ST	Guernsey County Court of Common Pleas
ohctcomplhamilt	ST	Court of Common Pleas of Ohio, Hamilton County
ohctcomplhancoc	ST	Hancock County Court of Common Pleas
ohctcomplhardin	ST	Hardin County Court of Common Pleas
ohctcomplharris	ST	Harrison County Court of Common Pleas
ohctcomplhenry	ST	Henry County Court of Common Pleas
ohctcomplhighla	ST	Highland County Court of Common Pleas
ohctcomplhockin	ST	Hocking County Court of Common Pleas
ohctcomplholmes	ST	Holmes County Court of Common Pleas
ohctcomplhuron	ST	Huron County Court of Common Pleas
ohctcompljackso	ST	Jackson County Court of Common Pleas
ohctcompljeffer	ST	Jefferson County Court of Common Pleas
ohctcomplknox	ST	Knox County Court of Common Pleas
ohctcompllake	ST	Lake County Court of Common Pleas
ohctcompllawren	ST	Lawrence County Common Pleas Court
ohctcompllickin	ST	Licking County Court of Common Pleas
ohctcompllogan	ST	Logan County Court of Common Pleas
ohctcompllorain	ST	Lorain County Court of Common Pleas
ohctcompllucas	ST	Lucas County Court of Common Pleas
ohctcomplmadiso	ST	Madison County Court of Common Pleas
ohctcomplmahoni	ST	Mahoning County Court of Common Pleas
ohctcomplmarion	ST	Marion County Court of Common Pleas
ohctcomplmedina	ST	Medina County Court of Common Pleas
ohctcomplmeigs	ST	Meigs County Court of Common Pleas
ohctcomplmercer	ST	Mercer County Court of Common Pleas
ohctcomplmiami	ST	Miami County Court of Common Pleas
ohctcomplmonroe	ST	Monroe County Court of Common Pleas
ohctcomplmontgo	ST	Montgomery County Court of Common Pleas
ohctcomplmorgan	ST	Morgan County Court of Common Pleas
ohctcomplmorrow	ST	Morrow County Court of Common Pleas
ohctcomplmuskin	ST	Muskingum County Court of Common Pleas
ohctcomplnoble	ST	Noble County Court of Common Pleas
ohctcomplottawa	ST	Ottawa County Court of Common Pleas
ohctcomplpauldi	ST	Paulding County Court of Common Pleas
ohctcomplpickaw	ST	Pickaway County Court of Common Pleas
ohctcomplpike	ST	Pike County Court of Common Pleas
ohctcomplportag	ST	Portage County Court of Common Pleas
ohctcomplpreble	ST	Preble County Court of Common Pleas
ohctcomplputnam	ST	Putnam County Court of Common Pleas
ohctcomplrichla	ST	Richland County Court of Common Pleas
ohctcomplross	ST	Ross County Court of Common Pleas
ohctcomplsandus	ST	Sandusky County Court of Common Pleas
ohctcomplscioto	ST	Scioto County Court of Common Pleas
ohctcomplseneca	ST	Seneca County Court of Common Pleas
ohctcomplshelby	ST	Shelby County Court of Common Pleas
ohctcomplstark	ST	Stark County Court of Common Pleas
ohctcomplsummit	ST	Summit County Court of Common Pleas
ohctcompltascar	ST	Tascarawas County Court of Common Pleas
ohctcompltrumbu	ST	Trumbull County Court of Common Pleas
ohctcompltuscar	ST	Tuscarawas County Court of Common Pleas
ohctcomplunion	ST	Union County Court of Common Pleas
ohctcomplvanwe	ST	Van Wert County Court of Common Pleas
ohctcomplvinton	ST	Vinton County Court of Common Pleas
ohctcomplwarren	ST	Warren County Court of Common Pleas
ohctcomplwashin	ST	Washington County Court of Common Pleas
ohctcomplwayne	ST	Wayne County Court of Common Pleas
ohctcomplwillia	ST	Williams County Court of Common Pleas
ohctcomplwood	ST	Wood County Court of Common Pleas
ohctcomplwyando	ST	Wyandot County Court of Common Pleas
ohctinsolv	ST	Ohio County Court of Insovency
ohiocirct	ST	Ohio Circuit Courts
ohiocountyct	ST	Ohio County Court
ohioctcompl	ST	Court Of Common Pleas Of Ohio
ohioctnp	ST	Ohio Court of Nisi Prius
ohioctyctashtab	ST	Ashtabula County Courts, Ohio
ohioctyctbelmon	ST	Belmont County Courts, Ohio
ohioctyctbrown	ST	Brown County Courts, Ohio
ohioctyctbutler	ST	Butler County Courts, Ohio
ohioctyctclark	ST	Clark County Court, Ohio
ohioctyctcolum	ST	Columbiana County Courts, Ohio
ohioctyctcosh	ST	Coshocton County Court, Ohio
ohioctyctfrank	ST	Franklin County Courts, Ohio
ohioctyctharris	ST	Harrison County Court, Ohio
ohioctycthighla	ST	Highland County Court, Ohio
ohioctyctmahoni	ST	Mahoning County Courts, Ohio
ohioctyctmonroe	ST	Monroe County Court, Ohio
ohioctyctmuskin	ST	Muskingum County Court, Ohio
ohioctyctpauldi	ST	Paulding County Court, Ohio
ohioctyctperry	ST	Perry County Court, Ohio
ohioctyctpike	ST	Pike County Court, Ohio
ohioctyctstark	ST	Stark County Courts, Ohio
ohioctycttrumbu	ST	Trumbull County Courts, Ohio
ohiopuc	ST	Ohio Public Utilities Commission
ohiosuperct	ST	Ohio Superior Court
ohjuvct	ST	Ohio Juvenile Court
ohjuvctallen	ST	Allen County Juvenile Court
ohjuvctcolumbia	ST	Columbiana County Juvenile Court
ohjuvctcuyahoga	ST	Cuyahoga County Juvenile Court
ohjuvctgreene	ST	Greene County Juvenile Court
ohjuvcthamilton	ST	Hamilton County Juvenile Court
ohjuvcthuron	ST	Huron County Juvenile Court
ohjuvctlicking	ST	Licking County Juvenile Court
ohjuvctlucas	ST	Lucas County Juvenile Court
ohjuvctmarion	ST	Marion County Juvenile Court
ohjuvctmuskingu	ST	Muskingum County Juvenile Court
ohjuvctnoble	ST	Noble County Juvenile Court
ohjuvctpreble	ST	Preble County Juvenile Court
ohjuvcttuscaraw	ST	Tuscarawas County Juvenile Court
ohjuvctwarren	ST	Warren County Juvenile Court
ohjuvctwayne	ST	Wayne County Juvenile Court
ohmayorct	ST	Ohio Police Court
ohmayorctcinci	ST	Cincinnati Police Court
ohmayorctclev	ST	Cleveland Police Court
ohmayorctcolum	ST	Columbus Police Court
ohmunict	ST	Municipal Courts of Ohio
ohmunictakron	ST	Akron Municipal Court
ohmunictashland	ST	Ashland Municipal Court
ohmunictashtabu	ST	Ashtabula Municipal Court
ohmunictathens	ST	Athens County Municipal Court
ohmunictauglaiz	ST	Auglaize County Municipal Court
ohmunictavonlak	ST	Avon Lake Municipal Court
ohmunictbarbert	ST	Barberton Municipal Court
ohmunictbedford	ST	Bedford Municipal Court
ohmunictbellefo	ST	Bellefontaine Municipal Court
ohmunictberea	ST	Berea Municipal Court
ohmunictbowling	ST	Bowling Green County Municipal Court
ohmunictcanton	ST	Canton Municipal Court
ohmunictcelina	ST	Celina Municipal Court
ohmunictchardon	ST	Chardon Municipal Court
ohmunictchillic	ST	Chillicothe Municipal Court
ohmunictcincinn	ST	Cincinnati Municipal Court
ohmunictcirclev	ST	Circleville Municipal Court
ohmunictclark	ST	Clark County Municipal Court
ohmunictclermon	ST	Clermont County Municipal Court
ohmunictclevela	ST	City of Cleveland Municipal Court
ohmunictcolumbu	ST	City of Columbus Municipal Court
ohmunictcrawfor	ST	Crawford County Municipal Court
ohmunictcuyahog	ST	Cuyahoga County Municipal Court
ohmunictcuyfall	ST	Cuyahoga Falls Municipal Court
ohmunictdarke	ST	Darke County Municipal Court
ohmunictdayton	ST	City of Dayton Municipal Court
ohmunicteastliv	ST	East Liverpool Municipal Court
ohmunictelyria	ST	Elyria Municipal Court
ohmunicteuclid	ST	Euclid Municipal Court
ohmunicteuclidc	ST	Euclid City Municipal Court
ohmunictfindlay	ST	Findlay Municipal Court
ohmunictfostori	ST	Fostoria Municipal Court
ohmunictfrankli	ST	Franklin County Municipal Court
ohmunictfremont	ST	Fremont Municipal Court
ohmunictgallipo	ST	Gallipolis Municipal Court
ohmunictgirard	ST	Girard Municipal Court
ohmunicthamilto	ST	Hamilton County Municipal Court
ohmunicthighlan	ST	Highland County Municipal Court
ohmunicthocking	ST	Hocking County Municipal Court
ohmunictketteri	ST	Kettering Municipal Court
ohmunictlakewoo	ST	Lakewood Municipal Court
ohmunictlancast	ST	Lancaster Municipal Court
ohmunictlawrenc	ST	Lawrence County Municipal Court
ohmunictlicking	ST	Licking County Municipal Court
ohmunictlima	ST	Lima Municipal Court
ohmunictlorain	ST	Lorain Municipal Court
ohmunictlucas	ST	Lucas County Municipal Court
ohmunictmansfie	ST	Mansfield Municipal Court
ohmunictmarion	ST	Marion County Municipal Court
ohmunictmarysvi	ST	Marysville Municipal Court
ohmunictmassill	ST	Massillon Municipal Court
ohmunictmaumee	ST	Maumee Municipal Court
ohmunictmedina	ST	Medina Municipal Court
ohmunictmiamisb	ST	Miamisburg Municipal Court
ohmunictmiddlet	ST	Middletown Municipal Court
ohmunictmorrow	ST	Morrow County Municipal Court
ohmunictnewphil	ST	New Philadelphia Municipal Court
ohmunictnewtonf	ST	Newton Falls Municipal Court
ohmunictoberlin	ST	Oberlin Municipal Court
ohmunictparma	ST	Parma Municipal Court
ohmunictperrysb	ST	Perrysburg Municipal Court
ohmunictpiqua	ST	Piqua Municipal Court
ohmunictportage	ST	Portage County Municipal Court
ohmunictportcli	ST	Port Clinton Municipal Court
ohmunictportsmo	ST	Portsmouth Municipal Court
ohmunictravenna	ST	Ravenna Municipal Court
ohmunictrockyri	ST	Rocky River Municipal Court
ohmunictshakerh	ST	Shaker Heights Municipal Court
ohmunictsidney	ST	Sidney Municipal Court
ohmunictsoutheu	ST	South Euclid Municipal Court
ohmunictspringf	ST	Springfield Municipal Court
ohmunictstruthe	ST	Struthers Municipal Court
ohmunictsummit	ST	Summit County Municipal Court
ohmunictsylvani	ST	Sylvania Municipal Court
ohmunicttiffin	ST	Tiffin Municipal Court
ohmunicttoledo	ST	Toledo Municipal Court
ohmunicttrumbul	ST	Trumbull County Municipal Court
ohmunictuppersa	ST	Upper Sandusky Municipal Court
ohmunictvandali	ST	Municipal Court of Vandalia
ohmunictvanwert	ST	Van Wert County Municipal Court
ohmunictwadswor	ST	Wadsworth Municipal Court
ohmunictwarren	ST	Warren County Municipal Court
ohmunictwayne	ST	Wayne County Municipal Court
ohmunictwilloug	ST	Willoughby Municipal Court
ohmunictxenia	ST	Xenia Municipal Court
ohmunictzanesvi	ST	Zanesville Municipal Court
ohprobct	ST	Ohio Probate Court
ohprobctallen	ST	Allen County Probate Court
ohprobctashtabu	ST	Ashtabula County Probate Court
ohprobctauglaiz	ST	Auglaize County Probate Court
ohprobctbelmont	ST	Belmont County Probate Court
ohprobctbutler	ST	Butler County Probate Court
ohprobctchampai	ST	Champaign County Probate Court
ohprobctclark	ST	Clark County Probate Court
ohprobctclarke	ST	Clarke County Probate Court
ohprobctclermon	ST	Clermont County Probate Court
ohprobctclinton	ST	Clinton County Probate Court
ohprobctcolumbi	ST	Columbiana County Probate Court
ohprobctcuyahog	ST	Cuyahoga County Probate Court
ohprobctdarke	ST	Darke County Probate Court
ohprobcterie	ST	Erie County Probate Court
ohprobctfairfie	ST	Fairfield County Probate Court
ohprobctfayette	ST	Fayette County Probate Court
ohprobctfrankli	ST	Ohio Probate Court of Franklin County
ohprobctfulton	ST	Fulton County Probate Court
ohprobctgeauga	ST	Geauga County Probate Court
ohprobctgreene	ST	Greene County Probate Court
ohprobcthamilto	ST	Hamilton County Probate Court
ohprobcthancock	ST	Hancock County Probate Court
ohprobcthardin	ST	Hardin County Probate Court
ohprobctharriso	ST	Harrison County Probate Court
ohprobcthenry	ST	Henry County Probate Court
ohprobcthighlan	ST	Highland County Probate Court
ohprobcthuron	ST	Huron County Probate Court
ohprobctjackson	ST	Jackson County Probate Court
ohprobctjeffers	ST	Jefferson County Probate Court
ohprobctknox	ST	Knox County Probate Court
ohprobctlake	ST	Lake County Probate Court
ohprobctlicking	ST	Licking County Probate Court
ohprobctlorain	ST	Lorain County Probate Court
ohprobctlucas	ST	Lucas County Probate Court
ohprobctmadison	ST	Madison County Probate Court
ohprobctmahonin	ST	Mahoning County Probate Court
ohprobctmarion	ST	Marion County Probate Court
ohprobctmeigs	ST	Meigs County Probate Court
ohprobctmercer	ST	Mercer County Probate Court
ohprobctmiami	ST	Miami County Probate Court
ohprobctmontgom	ST	Montgomery County Probate Court
ohprobctmorgan	ST	Morgan County Probate Court
ohprobctmusking	ST	Muskingum County Probate Court
ohprobctnoble	ST	Noble County Probate Court
ohprobctperry	ST	Perry County Probate Court
ohprobctpike	ST	Pike County Probate Court
ohprobctportage	ST	Portage County Probate Court
ohprobctpreble	ST	Preble County Probate Court
ohprobctputnam	ST	Putnam County Probate Court
ohprobctross	ST	Ross County Probate Court
ohprobctsandusk	ST	Sandusky County Probate Court
ohprobctscioto	ST	Scioto County Probate Court
ohprobctseneca	ST	Seneca County Probate Court
ohprobctshelby	ST	Shelby County Probate Court
ohprobctstark	ST	Stark County Probate Court
ohprobctsummit	ST	Summit County Probate Court
ohprobcttrumbul	ST	Trumbull County Probate Court
ohprobcttuscara	ST	Tuscarawas County Probate Court
ohprobctunion	ST	Union County Probate Court
ohprobctvanwer	ST	Van Wert County Probate Court
ohprobctwarren	ST	Warren County Probate Court
ohprobctwashing	ST	Washington County Probate Court
ohprobctwayne	ST	Wayne County Probate Court
ohsuperctcinci	ST	Ohio Superior Court, Cincinnati
orcc	ST	Oregon County Circuit Courts
orccbaker	ST	Baker County Circuit Court, Oregon
orccbenton	ST	Benton County Circuit Court, Oregon
orccclackamas	ST	Clackamas County Circuit Court, Oregon
orccclatsop	ST	Clatsop County Circuit Court, Oregon
orcccolumbia	ST	Columbia County Circuit Court, Oregon
orcccoos	ST	Coos County Circuit Court, Oregon
orccdeschutes	ST	Deschutes County Circuit Court, Oregon
orccdouglas	ST	Douglas County Circuit Court, Oregon
orccjackson	ST	Jackson County Circuit Court, Oregon
orccjosephine	ST	Josephine County Circuit Court, Oregon
orccklamath	ST	Klamath County Circuit Court, Oregon
orcclake	ST	Lake County Circuit Court, Oregon
orcclane	ST	Lane County Circuit Court, Oregon
orcclincoln	ST	Lincoln County Circuit Court, Oregon
orcclinn	ST	Linn County Circuit Court, Oregon
orccmalheur	ST	Malheur County Circuit Court, Oregon
orccmarion	ST	Marion County Circuit Court, Oregon
orccmorrow	ST	Morrow County Circuit Court, Oregon
orccmultnomah	ST	Multnomah County Circuit Court, Oregon
orccpolk	ST	Polk County Circuit Court, Oregon
orcctillamook	ST	Tillamook County Circuit Court, Oregon
orccumatilla	ST	Umatilla County Circuit Court, Oregon
orccunion	ST	Union County Circuit Court, Oregon
orccwasco	ST	Wasco County Circuit Court, Oregon
orccwashington	ST	Washington County Circuit Court, Oregon
orccyamhill	ST	Yamhill County Circuit Court, Oregon
pactcompl	ST	Pennsylvania Court of Common Pleas
pactcompladams	ST	Pennsylvania Court of Common Pleas, Adams County
pactcomplallegh	ST	Pennsylvania Court of Common Pleas, Alleghany County
pactcomplarmstr	ST	Pennsylvania Court of Common Pleas, Armstrong County
pactcomplbeaver	ST	Pennsylvania Court of Common Pleas, Beaver County
pactcomplbedfor	ST	Pennsylvania Court of Common Pleas, Bedford County
pactcomplberks	ST	Pennsylvania Court of Common Pleas, Berks County
pactcomplblair	ST	Pennsylvania Court of Common Pleas, Blair County
pactcomplbradfo	ST	Pennsylvania Court of Common Pleas, Bradford County
pactcomplbucks	ST	Pennsylvania Court of Common Pleas, Bucks County
pactcomplbutler	ST	Pennsylvania Court of Common Pleas, Butler County
pactcomplcambri	ST	Pennsylvania Court of Common Pleas, Cambria County
pactcomplcamero	ST	Pennsylvania Court of Common Pleas, Cameron County
pactcomplcarbon	ST	Pennsylvania Court of Common Pleas, Carbon County
pactcomplcentre	ST	Pennsylvania Court of Common Pleas, Centre County
pactcomplcheste	ST	Pennsylvania Court of Common Pleas, Chester County
pactcomplclario	ST	Pennsylvania Court of Common Pleas, Clarion County
pactcomplclearf	ST	Pennsylvania Court of Common Pleas, Clearfield County
pactcomplclinto	ST	Pennsylvania Court of Common Pleas, Clinton County
pactcomplcolumb	ST	Pennsylvania Court of Common Pleas, Columbia County
pactcomplcrawfo	ST	Pennsylvania Court of Common Pleas, Crawford County
pactcomplcumber	ST	Pennsylvania Court of Common Pleas, Cumberland County
pactcompldauphi	ST	Pennsylvania Court of Common Pleas, Dauphin County
pactcompldelawa	ST	Pennsylvania Court of Common Pleas, Delaware County
pactcomplelk	ST	Pennsylvania Court of Common Pleas, Elk County
pactcomplerie	ST	Pennsylvania Court of Common Pleas, Erie County
pactcomplfayett	ST	Pennsylvania Court of Common Pleas, Fayette County
pactcomplforest	ST	Pennsylvania Court of Common Pleas, Forest County
pactcomplfrankl	ST	Pennsylvania Court of Common Pleas, Franklin County
pactcomplfulton	ST	Pennsylvania Court of Common Pleas, Fulton County
pactcomplgreen	ST	Pennsylvania Court of Common Pleas, Green County
pactcomplgreene	ST	Pennsylvania Court of Common Pleas, Greene County
pactcomplharris	ST	Pennsylvania Court of Common Pleas, Harrisburg County
pactcomplhuntin	ST	Pennsylvania Court of Common Pleas, Huntingdon County
pactcomplindian	ST	Pennsylvania Court of Common Pleas, Indiana County
pactcompljeffer	ST	Pennsylvania Court of Common Pleas, Jefferson County
pactcompljuniat	ST	Pennsylvania Court of Common Pleas, Juniata County
pactcompllackaw	ST	Pennsylvania Court of Common Pleas, Lackawanna County
pactcompllancas	ST	Pennsylvania Court of Common Pleas, Lancaster County
pactcompllawren	ST	Pennsylvania Court of Common Pleas, Lawrence County
pactcompllebano	ST	Pennsylvania Court of Common Pleas, Lebanon County
pactcompllehigh	ST	Pennsylvania Court of Common Pleas, Lehigh County
pactcomplluzern	ST	Pennsylvania Court of Common Pleas, Luzerne County
pactcompllycomi	ST	Pennsylvania Court of Common Pleas, Lycoming County
pactcomplmckean	ST	Pennsylvania Court of Common Pleas, McKean County
pactcomplmercer	ST	Pennsylvania Court of Common Pleas, Mercer County
pactcomplmiffli	ST	Pennsylvania Court of Common Pleas, Mifflin County
pactcomplmonroe	ST	Pennsylvania Court of Common Pleas, Monroe County
pactcomplmontgo	ST	Pennsylvania Court of Common Pleas, Montgomery County
pactcomplmontou	ST	Pennsylvania Court of Common Pleas, Montour County
pactcomplnortha	ST	Pennsylvania Court of Common Pleas, Northampton County
pactcomplnorthu	ST	Pennsylvania Court of Common Pleas, Northumberland County
pactcomplperry	ST	Pennsylvania Court of Common Pleas, Perry County
pactcomplphilad	ST	Pennsylvania Court of Common Pleas, Philadelphia County
pactcomplpike	ST	Pennsylvania Court of Common Pleas, Pike County
pactcomplpotter	ST	Pennsylvania Court of Common Pleas, Potter County
pactcomplschuyl	ST	Pennsylvania Court of Common Pleas, Schuylkill County
pactcomplsnyder	ST	Pennsylvania Court of Common Pleas, Snyder County
pactcomplsomers	ST	Pennsylvania Court of Common Pleas, Somerset County
pactcomplsulliv	ST	Pennsylvania Court of Common Pleas, Sullivan County
pactcomplsunder	ST	Pennsylvania Court of Common Pleas, Sunder County
pactcomplsusque	ST	Pennsylvania Court of Common Pleas, Susquehanna County
pactcomplsynder	ST	Pennsylvania Court of Common Pleas, Synder County
pactcompltioga	ST	Pennsylvania Court of Common Pleas, Tioga County
pactcomplunion	ST	Pennsylvania Court of Common Pleas, Union County
pactcomplvenang	ST	Pennsylvania Court of Common Pleas, Venango County
pactcomplwarren	ST	Pennsylvania Court of Common Pleas, Warren County
pactcomplwashin	ST	Pennsylvania Court of Common Pleas, Washington County
pactcomplwayne	ST	Pennsylvania Court of Common Pleas, Wayne County
pactcomplwestmo	ST	Pennsylvania Court of Common Pleas, Westmoreland County
pactcomplwycomi	ST	Pennsylvania Court of Common Pleas, Wycoming County
pactcomplwyomin	ST	Pennsylvania Court of Common Pleas, Wyoming County
pactcomplyork	ST	Pennsylvania Court of Common Pleas, York County
pajuvctcambria	ST	Cambria County of Juvenile Court
pajuvctdel	ST	Delaware County Juvenile Court
pamunict	ST	Pennsylvania Municipal Court
pamunictphila	ST	Pennylvania Municipal Court, Philadelphia County
paorphct	ST	Pennsylvania Orphans' Court
paorphctadams	ST	Pennsylvania Orphans' Court, Adams County
paorphctallegh	ST	Pennsylvania Orphans' Court, Allegheny County
paorphctarmstr	ST	Pennsylvania Orphans' Court, Armstrong County
paorphctbeaver	ST	Pennsylvania Orphans' Court, Beaver County
paorphctbedfor	ST	Pennsylvania Orphans' Court, Bedford County
paorphctberks	ST	Pennsylvania Orphans' Court, Berks County
paorphctblair	ST	Pennsylvania Orphans' Court, Blair County
paorphctbradfo	ST	Pennsylvania Orphans' Court, Bradford County
paorphctbucks	ST	Pennsylvania Orphans' Court, Bucks County
paorphctbutler	ST	Pennsylvania Orphans' Court, Butler County
paorphctcambri	ST	Pennsylvania Orphans' Court, Cambria County
paorphctcamero	ST	Pennsylvania Orphans' Court, Cameron County
paorphctcarbon	ST	Pennsylvania Orphans' Court, Carbon County
paorphctcentre	ST	Pennsylvania Orphans' Court, Centre County
paorphctcheste	ST	Pennsylvania Orphans' Court, Chester County
paorphctclario	ST	Pennsylvania Orphans' Court, Clarion County
paorphctclearf	ST	Pennsylvania Orphans' Court, Clearfield County
paorphctclinto	ST	Pennsylvania Orphans' Court, Clinton County
paorphctcolumb	ST	Pennsylvania Orphans' Court, Columbia County
paorphctcrawfo	ST	Pennsylvania Orphans' Court, Crawford County
paorphctcumber	ST	Pennsylvania Orphans' Court, Cumberland County
paorphctdauphi	ST	Pennsylvania Orphans' Court, Dauphin County
paorphctdelawa	ST	Pennsylvania Orphans' Court, Delaware County
paorphctelk	ST	Pennsylvania Orphans' Court, Elk County
paorphcterie	ST	Pennsylvania Orphans' Court, Erie County
paorphctfayett	ST	Pennsylvania Orphans' Court, Fayette County
paorphctforest	ST	Pennsylvania Orphans' Court, Forest County
paorphctfrankl	ST	Pennsylvania Orphans' Court, Franklin County
paorphctfulton	ST	Pennsylvania Orphans' Court, Fulton County
paorphctgreene	ST	Pennsylvania Orphans' Court, Greene County
paorphcthuntin	ST	Pennsylvania Orphans' Court, Huntingdon County
paorphctindian	ST	Pennsylvania Orphans' Court, Indiana County
paorphctjeffer	ST	Pennsylvania Orphans' Court, Jefferson County
paorphctjuniat	ST	Pennsylvania Orphans' Court, Juniata County
paorphctlackaw	ST	Pennsylvania Orphans' Court, Lackawanna County
paorphctlancas	ST	Pennsylvania Orphans' Court, Lancaster County
paorphctlawren	ST	Pennsylvania Orphans' Court, Lawrence County
paorphctlebano	ST	Pennsylvania Orphans' Court, Lebanon County
paorphctlehigh	ST	Pennsylvania Orphans' Court, Lehigh County
paorphctluzern	ST	Pennsylvania Orphans' Court, Luzerne County
paorphctlycomi	ST	Pennsylvania Orphans' Court, Lycoming County
paorphctmercer	ST	Pennsylvania Orphans' Court, Mercer County
paorphctmiffli	ST	Pennsylvania Orphans' Court, Mifflin County
paorphctmongto	ST	Pennsylvania Orphans' Court, Mongtomery County
paorphctmonroe	ST	Pennsylvania Orphans' Court, Monroe County
paorphctmontgo	ST	Pennsylvania Orphans' Court, Montgomery County
paorphctmontou	ST	Pennsylvania Orphans' Court, Montour County
paorphctnortha	ST	Pennsylvania Orphans' Court, Northampton County
paorphctnorthu	ST	Pennsylvania Orphans' Court, Northumberland County
paorphctperry	ST	Pennsylvania Orphans' Court, Perry County
paorphctphilad	ST	Pennsylvania Orphans' Court, Philadelphia County
paorphctpike	ST	Pennsylvania Orphans' Court, Pike County
paorphctschuyl	ST	Pennsylvania Orphans' Court, Schuylkill County
paorphctsnyder	ST	Pennsylvania Orphans' Court, Snyder County
paorphctsomers	ST	Pennsylvania Orphans' Court, Somerset County
paorphctsulliv	ST	Pennsylvania Orphans' Court, Sullivan County
paorphctsusque	ST	Pennsylvania Orphans' Court, Susquehanna County
paorphcttioga	ST	Pennsylvania Orphans' Court, Tioga County
paorphctunion	ST	Pennsylvania Orphans' Court, Union County
paorphctvenang	ST	Pennsylvania Orphans' Court, Venango County
paorphctwarren	ST	Pennsylvania Orphans' Court, Warren County
paorphctwashin	ST	Pennsylvania Orphans' Court, Washington County
paorphctwayne	ST	Pennsylvania Orphans' Court, Wayne County
paorphctwestmo	ST	Pennsylvania Orphans' Court, Westmoreland County
paorphctwyomin	ST	Pennsylvania Orphans' Court, Wyoming County
paorphctyork	ST	York County Orphans' Court
paoytermct	ST	Pennsylvania Court of Oyer and Terminer
paoytermctadams	ST	Adams County Court of Oyer and Terminer
paoytermctalleg	ST	Allegheny County Court of Oyer and Terminer
paoytermctbeave	ST	Beaver County Court of Oyer and Terminer
paoytermctberks	ST	Berks County Court of Oyer and Terminer
paoytermctbucks	ST	Bucks County Court of Oyer and Terminer
paoytermctcambr	ST	Cambria County Court of Oyer and Terminer
paoytermctcarbo	ST	Carbon County Court of Oyer and Terminer
paoytermctchest	ST	Chester County Court of Oyer and Terminer
paoytermctclari	ST	Clarion County Court of Oyer and Terminer
paoytermctcolum	ST	Columbia County Court of Oyer and Terminer
paoytermctcumbe	ST	Cumberland County Court of Oyer and Terminer
paoytermctdauph	ST	Dauphin County Court of Oyer and Terminer
paoytermctdelaw	ST	Delaware County Court of Oyer and Terminer
paoytermcterie	ST	Erie County Court of Oyer and Terminer
paoytermctfayet	ST	Fayette County Court of Oyer and Terminer
paoytermctfrank	ST	Franklin County Court of Oyer and Terminer
paoytermctfulto	ST	Fulton County Court of Oyer and Terminer
paoytermctgreen	ST	Greene County Court of Oyer and Terminer
paoytermctjeffe	ST	Jefferson County Court of Oyer and Terminer
paoytermctjunia	ST	Juniata County Court of Oyer and Terminer
paoytermctlacka	ST	Lackawanna County Court of Oyer and Terminer
paoytermctlanca	ST	Lancaster County Court of Oyer and Terminer
paoytermctlawre	ST	Lawrence County Court of Oyer and Terminer
paoytermctleban	ST	Lebanon County Court of Oyer and Terminer
paoytermctlehig	ST	Lehigh County Court of Oyer and Terminer
paoytermctluzer	ST	Luzerne County Court of Oyer and Terminer
paoytermctmerce	ST	Mercer County Court of Oyer and Terminer
paoytermctmontg	ST	Montgomery County Court of Oyer and Terminer
paoytermctnorth	ST	Northampton County Court of Oyer and Terminer
paoytermctperry	ST	Perry County Court of Oyer and Terminer
paoytermctphila	ST	Philadelphia County Court of Oyer and Terminer
paoytermctschuy	ST	Schuylkill County Court of Oyer and Terminer
paoytermctsomer	ST	Somerset County Ct. Oyer & Terminer
paoytermctvenan	ST	Venango County Court of Oyer and Terminer
paoytermctwestm	ST	Westmoreland County Court of Oyer and Terminer
paoytermctyork	ST	York County Court of Oyer and Terminer
paqtrsessadams	ST	Adams County Court of Quarter Sessions
paqtrsessallegh	ST	Allegheny County Court of Quarter Sessions
paqtrsessarmstr	ST	Armstrong County Court of Quarter Sessions
paqtrsessbeaver	ST	Beaver County Court of Quarter Sessions
paqtrsessbedfor	ST	Bedford County Court of Quarter Sessions
paqtrsessberks	ST	Berks County Court of Quarter Sessions
paqtrsessblair	ST	Blair County Court of Quarter Sessions
paqtrsessbradfo	ST	Bradford County Court of Quarter Sessions
paqtrsessbucks	ST	Bucks County Court of Quarter Sessions
paqtrsessbutler	ST	Butler County Court of Quarter Sessions
paqtrsesscambri	ST	Cambria County Court of Quarter Sessions
paqtrsesscamero	ST	Cameron County Court of Quarter Sessions
paqtrsesscarbon	ST	Carbon County Court of Quarter Sessions
paqtrsesscentre	ST	Centre County Court of Quarter Sessions
paqtrsesscheste	ST	Chester County Court of Quarter Sessions
paqtrsessclario	ST	Clarion County Court of Quarter Sessions
paqtrsessclearf	ST	Clearfield County Court of Quarter Sessions
paqtrsessclinto	ST	Clinton County Court of Quarter Sessions
paqtrsesscolumb	ST	Columbia County Court of Quarter Sessions
paqtrsesscrawfo	ST	Crawford County Court of Quarter Sessions
paqtrsesscumber	ST	Cumberland County Court of Quarter Sessions
paqtrsessdauphi	ST	Dauphin County Court of Quarter Sessions
paqtrsessdelawa	ST	Delaware County Court of Quarter Sessions
paqtrsesselk	ST	Elk County Court of Quarter Sessions
paqtrsesserie	ST	Erie County Court of Quarter Sessions
paqtrsessfayett	ST	Fayette County Court of Quarter Sessions
paqtrsessfrankl	ST	Franklin County Court of Quarter Sessions
paqtrsessfulton	ST	Fulton County Court of Quarter Sessions
paqtrsessgreene	ST	Greene County Court of Quarter Sessions
paqtrsesshuntin	ST	Huntingdon County Court of Quarter Sessions
paqtrsessindian	ST	Indiana County Court of Quarter Sessions
paqtrsessjeffer	ST	Jefferson County Court of Quarter Sessions
paqtrsessjuniat	ST	Juniata County Court of Quarter Sessions
paqtrsesslackaw	ST	Lackawanna County Court of Quarter Sessions
paqtrsesslancas	ST	Lancaster County Court of Quarter Sessions
paqtrsesslawren	ST	Lawrence County Court of Quarter Sessions
paqtrsesslebano	ST	Lebanon County Court of Quarter Sessions
paqtrsesslehigh	ST	Lehigh County Court of Quarter Sessions
paqtrsessluzern	ST	Luzerne County Court of Quarter Sessions
paqtrsesslycomi	ST	Lycoming County Court of Quarter Sessions
paqtrsessmckean	ST	McKean County Court of Quarter Sessions
paqtrsessmercer	ST	Mercer County Court of Quarter Sessions
paqtrsessmiffli	ST	Mifflin County Court of Quarter Sessions
paqtrsessmonroe	ST	Monroe County Court of Quarter Sessions
paqtrsessmontgo	ST	Montgomery County Court of Quarter Sessions
paqtrsessmontou	ST	Montour County Court of Quarter Sessions
paqtrsessnortha	ST	Northampton County Court of Quarter Sessions
paqtrsessnorthu	ST	Northumberland County Court of Quarter Sessions
paqtrsessperry	ST	Perry County Court of Quarter Sessions
paqtrsessphilad	ST	Philadelphia County Court of Quarter Sessions
paqtrsesspike	ST	Pike County Court of Quarter Sessions
paqtrsesspotter	ST	Potter County Court of Quarter Sessions
paqtrsessschuyl	ST	Schuylkill County Court of Quarter Sessions
paqtrsesssnyder	ST	Snyder County Court of Quarter Sessions
paqtrsesssomers	ST	Somerset County Court of Quarter Sessions
paqtrsesssulliv	ST	Sullivan County Court of Quarter Sessions
paqtrsesssusque	ST	Susquehanna County Court of Quarter Sessions
paqtrsesstioga	ST	Tioga County Court of Quarter Sessions
paqtrsessunion	ST	Union County Court of Quarter Sessions
paqtrsessvenang	ST	Venango County Court of Quarter Sessions
paqtrsesswarren	ST	Warren County Court of Quarter Sessions
paqtrsesswashin	ST	Washington County Court of Quarter Sessions
paqtrsesswayne	ST	Wayne County Court of Quarter Sessions
paqtrsesswestmo	ST	Westmoreland County Court of Quarter Sessions
paqtrsesswyomin	ST	Wyoming County Court of Quarter Sessions
paqtrsessyork	ST	York County Court of Quarter Sessions
philactnp	ST	Philadelphia Court of Nisi Prius
philamayorct	ST	Philadelphia Mayor's Court
placerdistct	ST	Placer District Court, California
privycoun	ST	Committee of the Privy Council
sacdistct	ST	Sacramento District Court
santacruzdistct	ST	Santa Cruz District Court
sfdistct	ST	San Fransisco District Court
shastadistct	ST	Shasta District Court
siskiyoudistct	ST	Siskiyou District Court
supbenbaltcty	ST	Supreme Bench of Baltimore City
superctny	ST	The Superior Court of the City of New York and Buffalo
superctsc	ST	Superior Court of South Carolina
texbizct	ST	Texas Business Court
texcrimdistct1	ST	Texas Criminal District Court, No. 1, Dallas City
texcrimdistct2	ST	Texas Criminal District Court, No. 2, Dallas City
texcrimdistct3	ST	Texas Criminal District Court, No. 3, Dallas City
texcrimdistct4	ST	Texas Criminal District Court, No. 4, Dallas City
texcrimdistct5	ST	Texas Criminal District Court, No. 5, Dallas City
texcrimdistct6	ST	Texas Criminal District Court, No. 6, Dallas City
texcrimdistct7	ST	Texas Criminal District Court, No. 7, Dallas City
texcrimdistct8	ST	Texas Criminal District Court, Jefferson City
texctyct	ST	Texas City Court
texctyct1	ST	Texas City Court, Angelina City
texctyct10	ST	Texas City Court, Bexar City Court at Law No. 2
texctyct100	ST	Texas City Court, Lamar City
texctyct101	ST	Texas City Court, Leon City
texctyct102	ST	Texas City Court, Liberty City Court at Law
texctyct103	ST	Texas City Court, Lubbock City Court at Law No. 1
texctyct104	ST	Texas City Court, McCulloch City
texctyct105	ST	Texas City Court, McLennan City
texctyct106	ST	Texas City Court, McLennan City Court at Law No. 2
texctyct107	ST	Texas City Court, Midland City
texctyct108	ST	Texas City Court, Montgomery City
texctyct109	ST	Texas City Court, Montgomery City Court at Law No. 1
texctyct11	ST	Texas City Court, Bexar City Court at Law No. 3
texctyct110	ST	Texas City Court, Montgomery City Court at Law No. 2
texctyct111	ST	Texas City Court, Montgomery City Court at Law No. 3
texctyct112	ST	Texas City Court, Montgomery City Court at Law No. 4
texctyct113	ST	Texas City Court, Montgomery City Court at Law No. 5
texctyct114	ST	Texas City Court, Nacogdoches City
texctyct115	ST	Texas City Court, Nueces City Court at Law No. 1
texctyct116	ST	Texas City Court, Nueces City Court at Law No. 2
texctyct117	ST	Texas City Court, Nueces City Court at Law No. 3
texctyct118	ST	Texas City Court, Nueces City Court at Law No. 4
texctyct119	ST	Texas City Court, Nueces City Court at Law No. 5
texctyct12	ST	Texas City Court, Bexar City Court at Law No. 5
texctyct120	ST	Texas City Court, Ochiltree City
texctyct121	ST	Texas City Court, Orange City
texctyct122	ST	Texas City Court, Orange City Court at Law No. 2
texctyct123	ST	Texas City Court, Panola City
texctyct124	ST	Texas City Court, Parker City Court at Law No. 1
texctyct125	ST	Texas City Court, Polk City
texctyct126	ST	Texas City Court, Polk City Court at Law
texctyct127	ST	Texas City Court, Potter City
texctyct128	ST	Texas City Court, Potter City Court at Law No. 1
texctyct129	ST	Texas City Court, Red River City
texctyct13	ST	Texas City Court, Bowie City Court at Law
texctyct130	ST	Texas City Court, San Jacinto City
texctyct131	ST	Texas City Court, San Patricio City
texctyct132	ST	Texas City Court, San Patricio City Court at Law
texctyct133	ST	Texas City Court, Smith City Court at Law No. 2
texctyct134	ST	Texas City Court, Tarrant City
texctyct135	ST	Texas City Court, Tarrant City Court at Law No. 1
texctyct136	ST	Texas City Court, Tarrant City Court at Law No. 2
texctyct137	ST	Texas City Court, Tarrant City Court at Law No. 3
texctyct138	ST	Texas City Court, Taylor City Court at Law No. 2
texctyct139	ST	Texas City Court, Travis City
texctyct14	ST	Texas City Court, Brazoria City Court at Law No. 2
texctyct140	ST	Texas City Court, Travis City Court at Law No. 1
texctyct141	ST	Texas City Court, Travis City Court at Law No. 2
texctyct142	ST	Texas City Court, Travis City Court at Law No. 3
texctyct143	ST	Texas City Court, Trinity City
texctyct144	ST	Texas City Court, Val Verde City Court at Law
texctyct145	ST	Texas City Court, Walker City Court at Law
texctyct146	ST	Texas City Court, Waller City
texctyct147	ST	Texas City Court, Waller City Court at Law
texctyct148	ST	Texas City Court, Wash. City Court at Law
texctyct149	ST	Texas City Court, Webb City Court at Law No. 1
texctyct15	ST	Texas City Court, Brazoria City Court at Law No. 3
texctyct150	ST	Texas City Court, Webb City Court at Law No. 2
texctyct151	ST	Texas City Court, Wichita City Court at Law No. 2
texctyct152	ST	Texas City Court, Willacy City
texctyct153	ST	Texas City Court, Williamson City Court at Law No. 1
texctyct154	ST	Texas City Court, Williamson City Court at Law No. 2
texctyct155	ST	Texas City Court, Williamson City Court at Law No. 3
texctyct156	ST	Texas City Court, Williamson City Court at Law No. 4
texctyct157	ST	Texas City Court, Young City
texctyct16	ST	Texas City Court, Brazoria City Court at Law No. 4
texctyct17	ST	Texas City Court, Brazos City Court at Law No. 1
texctyct18	ST	Texas City Court, Brazos City Court at Law No. 2
texctyct19	ST	Texas City Court, Burnet City
texctyct2	ST	Texas City Court, Angelina City Court at Law No. 1
texctyct20	ST	Texas City Court, Burnet City Court at Law
texctyct21	ST	Texas City Court, Caldwell City
texctyct22	ST	Texas City Court, Caldwell City Court at Law
texctyct23	ST	Texas City Court, Calhoun City Court at Law No. 1
texctyct24	ST	Texas City Court, Cameron City Court at Law No. 1
texctyct25	ST	Texas City Court, Cameron City Court at Law No. 2
texctyct26	ST	Texas City Court, Cameron City Court at Law No. 3
texctyct27	ST	Texas City Court, Chambers City
texctyct28	ST	Texas City Court, Cherokee City Court at Law
texctyct29	ST	Texas City Court, Collin City Court at Law No. 4
texctyct3	ST	Texas City Court, Austin City
texctyct30	ST	Texas City Court, Collin City Court at Law No. 5
texctyct31	ST	Texas City Court, Collin City Court at Law No. 6
texctyct32	ST	Texas City Court, Comal City Court at Law No. 1
texctyct33	ST	Texas City Court, Coryell City Court at Law
texctyct34	ST	Texas City Court, Dallas City
texctyct35	ST	Texas City Court, Dallas City Court at Law No. 1
texctyct36	ST	Texas City Court, Dallas City Court at Law No. 2
texctyct37	ST	Texas City Court, Dallas City Court at Law No. 3
texctyct38	ST	Texas City Court, Dallas City Court at Law No. 4
texctyct39	ST	Texas City Court, Dallas City Court at Law No. 5
texctyct4	ST	Texas City Court, Austin City Court at Law
texctyct40	ST	Texas City Court, Dallas City Criminal Court No. 1
texctyct41	ST	Texas City Court, Dallas City Criminal Court No. 3
texctyct42	ST	Texas City Court, Dallas City Criminal Court No. 5
texctyct43	ST	Texas City Court, Dallas City Criminal Court No. 6
texctyct44	ST	Texas City Court, Dallas City Criminal Court No. 7
texctyct45	ST	Texas City Court, Dallas City Criminal Court No. 10
texctyct46	ST	Texas City Court, Denton City Court at Law No. 2
texctyct47	ST	Texas City Court, Denton City Criminal Court No. 1
texctyct48	ST	Texas City Court, Denton City Criminal Court No. 3
texctyct49	ST	Texas City Court, Ector City Court at Law No. 2
texctyct5	ST	Texas City Court, Bastrop City
texctyct50	ST	Texas City Court, El Paso City Court at Law No. 1
texctyct51	ST	Texas City Court, El Paso City Court at Law No. 2
texctyct52	ST	Texas City Court, El Paso City Court at Law No. 3
texctyct53	ST	Texas City Court, El Paso City Court at Law No. 5
texctyct54	ST	Texas City Court, El Paso City Court at Law No. 6
texctyct55	ST	Texas City Court, El Paso City Court at Law No. 7
texctyct56	ST	Texas City Court, Fort Bend City
texctyct57	ST	Texas City Court, Fort Bend City Court at Law No. 1
texctyct58	ST	Texas City Court, Fort Bend City Court at Law No. 2
texctyct59	ST	Texas City Court, Fort Bend City Court at Law No. 3
texctyct6	ST	Texas City Court, Bell City Court at Law No. 1
texctyct60	ST	Texas City Court, Fort Bend City Court at Law No. 4
texctyct61	ST	Texas City Court, Franklin City
texctyct62	ST	Texas City Court, Galveston City
texctyct63	ST	Texas City Court, Galveston City Court at Law No. 1
texctyct64	ST	Texas City Court, Galveston City Court at Law No. 2
texctyct65	ST	Texas City Court, Galveston City Court at Law No. 3
texctyct66	ST	Texas City Court, Grayson City Court at Law No. 2
texctyct67	ST	Texas City Court, Gregg City Court at Law No. 2
texctyct68	ST	Texas City Court, Guadalupe City
texctyct69	ST	Texas City Court, Harris City
texctyct7	ST	Texas City Court, Bell City Court at Law No. 3
texctyct70	ST	Texas City Court, Harris City Criminal Court at Law No.
texctyct71	ST	Texas City Court, Harris City Criminal Court at Law No.
texctyct72	ST	Texas City Court, Harris City Criminal Court at Law No.
texctyct73	ST	Texas City Court, Harris City Civ. Court at Law No. 1
texctyct74	ST	Texas City Court, Harris City Civ. Court at Law No. 2
texctyct75	ST	Texas City Court, Harris City Civ. Court at Law No. 3
texctyct76	ST	Texas City Court, Harris City Civ. Court at Law No. 4
texctyct77	ST	Texas City Court, Hays City
texctyct78	ST	Texas City Court, Henderson City
texctyct79	ST	Texas City Court, Hidalgo City Court at Law No. 1
texctyct8	ST	Texas City Court, Bexar City
texctyct80	ST	Texas City Court, Hidalgo City Court at Law No. 4
texctyct81	ST	Texas City Court, Hidalgo City Court at Law No. 5
texctyct82	ST	Texas City Court, Hidalgo City Court at Law No. 6
texctyct83	ST	Texas City Court, Hidalgo City Court at Law No. 7
texctyct84	ST	Texas City Court, Hidalgo City Court at Law No. 8
texctyct85	ST	Texas City Court, Hill City
texctyct86	ST	Texas City Court, Hood City
texctyct87	ST	Texas City Court, Hopkins City
texctyct88	ST	Texas City Court, Houston City
texctyct89	ST	Texas City Court, Howard City
texctyct9	ST	Texas City Court, Bexar City Court at Law No. 1
texctyct90	ST	Texas City Court, Jasper City
texctyct91	ST	Texas City Court, Jefferson City
texctyct92	ST	Texas City Court, Jefferson City Court at Law No. 1
texctyct93	ST	Texas City Court, Jefferson City Court at Law No. 2
texctyct94	ST	Texas City Court, Karnes City
texctyct95	ST	Texas City Court, Kaufman City Court at Law No. 2
texctyct96	ST	Texas City Court, Kendall City
texctyct97	ST	Texas City Court, Kerr City
texctyct98	ST	Texas City Court, Kerr City Court at Law
texctyct99	ST	Texas City Court, Kleberg City
texdistct	ST	Texas District Court
texdistct1	ST	Texas 1st Judicial District Court
texdistct10	ST	Texas 9th Judicial District Court
texdistct100	ST	Texas 99th Judicial District Court
texdistct101	ST	Texas 100th Judicial District Court
texdistct102	ST	Texas 101st Judicial District Court
texdistct103	ST	Texas 102nd Judicial District Court
texdistct104	ST	Texas 103rd Judicial District Court
texdistct105	ST	Texas 104th Judicial District Court
texdistct106	ST	Texas 105th Judicial District Court
texdistct107	ST	Texas 106th Judicial District Court
texdistct108	ST	Texas 107th Judicial District Court
texdistct109	ST	Texas 108th Judicial District Court
texdistct11	ST	Texas 10th Judicial District Court
texdistct110	ST	Texas 109th Judicial District Court
texdistct111	ST	Texas 110th Judicial District Court
texdistct112	ST	Texas 111th Judicial District Court
texdistct113	ST	Texas 112th Judicial District Court
texdistct114	ST	Texas 113th Judicial District Court
texdistct115	ST	Texas 114th Judicial District Court
texdistct116	ST	Texas 115th Judicial District Court
texdistct117	ST	Texas 116th Judicial District Court
texdistct118	ST	Texas 117th Judicial District Court
texdistct119	ST	Texas 118th Judicial District Court
texdistct12	ST	Texas 11th Judicial District Court
texdistct120	ST	Texas 119th Judicial District Court
texdistct121	ST	Texas 120th Judicial District Court
texdistct122	ST	Texas 121st Judicial District Court
texdistct123	ST	Texas 122nd Judicial District Court
texdistct124	ST	Texas 123rd Judicial District Court
texdistct125	ST	Texas 124th Judicial District Court
texdistct126	ST	Texas 125th Judicial District Court
texdistct127	ST	Texas 126th Judicial District Court
texdistct128	ST	Texas 127th Judicial District Court
texdistct129	ST	Texas 128th Judicial District Court
texdistct13	ST	Texas 12th Judicial District Court
texdistct130	ST	Texas 129th Judicial District Court
texdistct131	ST	Texas 130th Judicial District Court
texdistct132	ST	Texas 131st Judicial District Court
texdistct133	ST	Texas 132nd Judicial District Court
texdistct134	ST	Texas 133rd Judicial District Court
texdistct135	ST	Texas 134th Judicial District Court
texdistct136	ST	Texas 135th Judicial District Court
texdistct137	ST	Texas 136th Judicial District Court
texdistct138	ST	Texas 137th Judicial District Court
texdistct139	ST	Texas 138th Judicial District Court
texdistct14	ST	Texas 13th Judicial District Court
texdistct140	ST	Texas 139th Judicial District Court
texdistct141	ST	Texas 140th Judicial District Court
texdistct142	ST	Texas 141st Judicial District Court
texdistct143	ST	Texas 142nd Judicial District Court
texdistct144	ST	Texas 143rd Judicial District Court
texdistct145	ST	Texas 144th Judicial District Court
texdistct146	ST	Texas 145th Judicial District Court
texdistct147	ST	Texas 146th Judicial District Court
texdistct148	ST	Texas 147th Judicial District Court
texdistct149	ST	Texas 148th Judicial District Court
texdistct15	ST	Texas 14th Judicial District Court
texdistct150	ST	Texas 149th Judicial District Court
texdistct151	ST	Texas 150th Judicial District Court
texdistct152	ST	Texas 151st Judicial District Court
texdistct153	ST	Texas 152nd Judicial District Court
texdistct154	ST	Texas 153rd Judicial District Court
texdistct155	ST	Texas 154th Judicial District Court
texdistct156	ST	Texas 155th Judicial District Court
texdistct157	ST	Texas 156th Judicial District Court
texdistct158	ST	Texas 157th Judicial District Court
texdistct159	ST	Texas 158th Judicial District Court
texdistct16	ST	Texas 15th Judicial District Court
texdistct160	ST	Texas 159th Judicial District Court
texdistct161	ST	Texas 160th Judicial District Court
texdistct162	ST	Texas 161st Judicial District Court
texdistct163	ST	Texas 162nd Judicial District Court
texdistct164	ST	Texas 163rd Judicial District Court
texdistct165	ST	Texas 164th Judicial District Court
texdistct166	ST	Texas 165th Judicial District Court
texdistct167	ST	Texas 166th Judicial District Court
texdistct168	ST	Texas 167th Judicial District Court
texdistct169	ST	Texas 168th Judicial District Court
texdistct17	ST	Texas 16th Judicial District Court
texdistct170	ST	Texas 169th Judicial District Court
texdistct171	ST	Texas 170th Judicial District Court
texdistct172	ST	Texas 171st Judicial District Court
texdistct173	ST	Texas 172nd Judicial District Court
texdistct174	ST	Texas 173rd Judicial District Court
texdistct175	ST	Texas 174th Judicial District Court
texdistct176	ST	Texas 175th Judicial District Court
texdistct177	ST	Texas 176th Judicial District Court
texdistct178	ST	Texas 177th Judicial District Court
texdistct179	ST	Texas 178th Judicial District Court
texdistct18	ST	Texas 17th Judicial District Court
texdistct180	ST	Texas 179th Judicial District Court
texdistct181	ST	Texas 180th Judicial District Court
texdistct182	ST	Texas 181st Judicial District Court
texdistct183	ST	Texas 182nd Judicial District Court
texdistct184	ST	Texas 183rd Judicial District Court
texdistct185	ST	Texas 184th Judicial District Court
texdistct186	ST	Texas 185th Judicial District Court
texdistct187	ST	Texas 186th Judicial District Court
texdistct188	ST	Texas 187th Judicial District Court
texdistct189	ST	Texas 188th Judicial District Court
texdistct19	ST	Texas 18th Judicial District Court
texdistct190	ST	Texas 189th Judicial District Court
texdistct191	ST	Texas 190th Judicial District Court
texdistct192	ST	Texas 191st Judicial District Court
texdistct193	ST	Texas 192nd Judicial District Court
texdistct194	ST	Texas 193rd Judicial District Court
texdistct195	ST	Texas 194th Judicial District Court
texdistct196	ST	Texas 195th Judicial District Court
texdistct197	ST	Texas 196th Judicial District Court
texdistct198	ST	Texas 197th Judicial District Court
texdistct199	ST	Texas 198th Judicial District Court
texdistct2	ST	Texas 1A Judicial District Court
texdistct20	ST	Texas 19th Judicial District Court
texdistct200	ST	Texas 199th Judicial District Court
texdistct201	ST	Texas 200th Judicial District Court
texdistct202	ST	Texas 201st Judicial District Court
texdistct203	ST	Texas 202nd Judicial District Court
texdistct204	ST	Texas 203rd Judicial District Court
texdistct205	ST	Texas 204th Judicial District Court
texdistct206	ST	Texas 205th Judicial District Court
texdistct207	ST	Texas 206th Judicial District Court
texdistct208	ST	Texas 207th Judicial District Court
texdistct209	ST	Texas 208th Judicial District Court
texdistct21	ST	Texas 20th Judicial District Court
texdistct210	ST	Texas 209th Judicial District Court
texdistct211	ST	Texas 210th Judicial District Court
texdistct212	ST	Texas 211th Judicial District Court
texdistct213	ST	Texas 212th Judicial District Court
texdistct214	ST	Texas 213th Judicial District Court
texdistct215	ST	Texas 214th Judicial District Court
texdistct216	ST	Texas 215th Judicial District Court
texdistct217	ST	Texas 216th Judicial District Court
texdistct218	ST	Texas 217th Judicial District Court
texdistct219	ST	Texas 218th Judicial District Court
texdistct22	ST	Texas 21st Judicial District Court
texdistct220	ST	Texas 219th Judicial District Court
texdistct221	ST	Texas 220th Judicial District Court
texdistct222	ST	Texas 221st Judicial District Court
texdistct223	ST	Texas 222nd Judicial District Court
texdistct224	ST	Texas 223rd Judicial District Court
texdistct225	ST	Texas 224th Judicial District Court
texdistct226	ST	Texas 225th Judicial District Court
texdistct227	ST	Texas 226th Judicial District Court
texdistct228	ST	Texas 227th Judicial District Court
texdistct229	ST	Texas 228th Judicial District Court
texdistct23	ST	Texas 22nd Judicial District Court
texdistct230	ST	Texas 229th Judicial District Court
texdistct231	ST	Texas 230th Judicial District Court
texdistct232	ST	Texas 231st Judicial District Court
texdistct233	ST	Texas 232nd Judicial District Court
texdistct234	ST	Texas 233rd Judicial District Court
texdistct235	ST	Texas 234th Judicial District Court
texdistct236	ST	Texas 235th Judicial District Court
texdistct237	ST	Texas 236th Judicial District Court
texdistct238	ST	Texas 237th Judicial District Court
texdistct239	ST	Texas 238th Judicial District Court
texdistct24	ST	Texas 23rd Judicial District Court
texdistct240	ST	Texas 239th Judicial District Court
texdistct241	ST	Texas 240th Judicial District Court
texdistct242	ST	Texas 241st Judicial District Court
texdistct243	ST	Texas 242nd Judicial District Court
texdistct244	ST	Texas 243rd Judicial District Court
texdistct245	ST	Texas 244th Judicial District Court
texdistct246	ST	Texas 245th Judicial District Court
texdistct247	ST	Texas 246th Judicial District Court
texdistct248	ST	Texas 247th Judicial District Court
texdistct249	ST	Texas 248th Judicial District Court
texdistct25	ST	Texas 24th Judicial District Court
texdistct250	ST	Texas 249th Judicial District Court
texdistct251	ST	Texas 250th Judicial District Court
texdistct252	ST	Texas 251st Judicial District Court
texdistct253	ST	Texas 252nd Judicial District Court
texdistct254	ST	Texas 253rd Judicial District Court
texdistct255	ST	Texas 254th Judicial District Court
texdistct256	ST	Texas 255th Judicial District Court
texdistct257	ST	Texas 256th Judicial District Court
texdistct258	ST	Texas 257th Judicial District Court
texdistct259	ST	Texas 258th Judicial District Court
texdistct26	ST	Texas 25th Judicial District Court
texdistct260	ST	Texas 259th Judicial District Court
texdistct261	ST	Texas 260th Judicial District Court
texdistct262	ST	Texas 261st Judicial District Court
texdistct263	ST	Texas 262nd Judicial District Court
texdistct264	ST	Texas 263rd Judicial District Court
texdistct265	ST	Texas 264th Judicial District Court
texdistct266	ST	Texas 265th Judicial District Court
texdistct267	ST	Texas 266th Judicial District Court
texdistct268	ST	Texas 267th Judicial District Court
texdistct269	ST	Texas 268th Judicial District Court
texdistct27	ST	Texas 26th Judicial District Court
texdistct270	ST	Texas 269th Judicial District Court
texdistct271	ST	Texas 270th Judicial District Court
texdistct272	ST	Texas 271st Judicial District Court
texdistct273	ST	Texas 272nd Judicial District Court
texdistct274	ST	Texas 273rd Judicial District Court
texdistct275	ST	Texas 274th Judicial District Court
texdistct276	ST	Texas 275th Judicial District Court
texdistct277	ST	Texas 276th Judicial District Court
texdistct278	ST	Texas 277th Judicial District Court
texdistct279	ST	Texas 278th Judicial District Court
texdistct28	ST	Texas 27th Judicial District Court
texdistct280	ST	Texas 279th Judicial District Court
texdistct281	ST	Texas 280th Judicial District Court
texdistct282	ST	Texas 281st Judicial District Court
texdistct283	ST	Texas 282nd Judicial District Court
texdistct284	ST	Texas 283rd Judicial District Court
texdistct285	ST	Texas 284th Judicial District Court
texdistct286	ST	Texas 285th Judicial District Court
texdistct287	ST	Texas 286th Judicial District Court
texdistct288	ST	Texas 287th Judicial District Court
texdistct289	ST	Texas 288th Judicial District Court
texdistct29	ST	Texas 28th Judicial District Court
texdistct290	ST	Texas 289th Judicial District Court
texdistct291	ST	Texas 290th Judicial District Court
texdistct292	ST	Texas 291st Judicial District Court
texdistct293	ST	Texas 292nd Judicial District Court
texdistct294	ST	Texas 293rd Judicial District Court
texdistct295	ST	Texas 294th Judicial District Court
texdistct296	ST	Texas 295th Judicial District Court
texdistct297	ST	Texas 296th Judicial District Court
texdistct298	ST	Texas 297th Judicial District Court
texdistct299	ST	Texas 298th Judicial District Court
texdistct3	ST	Texas 2nd Judicial District Court
texdistct30	ST	Texas 29th Judicial District Court
texdistct300	ST	Texas 299th Judicial District Court
texdistct301	ST	Texas 300th Judicial District Court
texdistct302	ST	Texas 301st Judicial District Court
texdistct303	ST	Texas 302nd Judicial District Court
texdistct304	ST	Texas 303rd Judicial District Court
texdistct305	ST	Texas 304th Judicial District Court
texdistct306	ST	Texas 305th Judicial District Court
texdistct307	ST	Texas 306th Judicial District Court
texdistct308	ST	Texas 307th Judicial District Court
texdistct309	ST	Texas 308th Judicial District Court
texdistct31	ST	Texas 30th Judicial District Court
texdistct310	ST	Texas 309th Judicial District Court
texdistct311	ST	Texas 310th Judicial District Court
texdistct312	ST	Texas 311th Judicial District Court
texdistct313	ST	Texas 312th Judicial District Court
texdistct314	ST	Texas 313th Judicial District Court
texdistct315	ST	Texas 314th Judicial District Court
texdistct316	ST	Texas 315th Judicial District Court
texdistct317	ST	Texas 316th Judicial District Court
texdistct318	ST	Texas 317th Judicial District Court
texdistct319	ST	Texas 318th Judicial District Court
texdistct32	ST	Texas 31st Judicial District Court
texdistct320	ST	Texas 319th Judicial District Court
texdistct321	ST	Texas 320th Judicial District Court
texdistct322	ST	Texas 321st Judicial District Court
texdistct323	ST	Texas 322nd Judicial District Court
texdistct324	ST	Texas 323rd Judicial District Court
texdistct325	ST	Texas 324th Judicial District Court
texdistct326	ST	Texas 325th Judicial District Court
texdistct327	ST	Texas 326th Judicial District Court
texdistct328	ST	Texas 327th Judicial District Court
texdistct329	ST	Texas 328th Judicial District Court
texdistct33	ST	Texas 32nd Judicial District Court
texdistct330	ST	Texas 329th Judicial District Court
texdistct331	ST	Texas 330th Judicial District Court
texdistct332	ST	Texas 331st Judicial District Court
texdistct333	ST	Texas 332nd Judicial District Court
texdistct334	ST	Texas 333rd Judicial District Court
texdistct335	ST	Texas 334th Judicial District Court
texdistct336	ST	Texas 335th Judicial District Court
texdistct337	ST	Texas 336th Judicial District Court
texdistct338	ST	Texas 337th Judicial District Court
texdistct339	ST	Texas 338th Judicial District Court
texdistct34	ST	Texas 33rd Judicial District Court
texdistct340	ST	Texas 339th Judicial District Court
texdistct341	ST	Texas 340th Judicial District Court
texdistct342	ST	Texas 341st Judicial District Court
texdistct343	ST	Texas 342nd Judicial District Court
texdistct344	ST	Texas 343rd Judicial District Court
texdistct345	ST	Texas 344th Judicial District Court
texdistct346	ST	Texas 345th Judicial District Court
texdistct347	ST	Texas 346th Judicial District Court
texdistct348	ST	Texas 347th Judicial District Court
texdistct349	ST	Texas 348th Judicial District Court
texdistct35	ST	Texas 34th Judicial District Court
texdistct350	ST	Texas 349th Judicial District Court
texdistct351	ST	Texas 350th Judicial District Court
texdistct352	ST	Texas 351st Judicial District Court
texdistct353	ST	Texas 352nd Judicial District Court
texdistct354	ST	Texas 353rd Judicial District Court
texdistct355	ST	Texas 354th Judicial District Court
texdistct356	ST	Texas 355th Judicial District Court
texdistct357	ST	Texas 356th Judicial District Court
texdistct358	ST	Texas 357th Judicial District Court
texdistct359	ST	Texas 358th Judicial District Court
texdistct36	ST	Texas 35th Judicial District Court
texdistct360	ST	Texas 359th Judicial District Court
texdistct361	ST	Texas 360th Judicial District Court
texdistct362	ST	Texas 361st Judicial District Court
texdistct363	ST	Texas 362nd Judicial District Court
texdistct364	ST	Texas 363rd Judicial District Court
texdistct365	ST	Texas 364th Judicial District Court
texdistct366	ST	Texas 365th Judicial District Court
texdistct367	ST	Texas 366th Judicial District Court
texdistct368	ST	Texas 367th Judicial District Court
texdistct369	ST	Texas 368th Judicial District Court
texdistct37	ST	Texas 36th Judicial District Court
texdistct370	ST	Texas 369th Judicial District Court
texdistct371	ST	Texas 370th Judicial District Court
texdistct372	ST	Texas 371st Judicial District Court
texdistct373	ST	Texas 372nd Judicial District Court
texdistct374	ST	Texas 373rd Judicial District Court
texdistct375	ST	Texas 374th Judicial District Court
texdistct376	ST	Texas 375th Judicial District Court
texdistct377	ST	Texas 376th Judicial District Court
texdistct378	ST	Texas 377th Judicial District Court
texdistct379	ST	Texas 378th Judicial District Court
texdistct38	ST	Texas 37th Judicial District Court
texdistct380	ST	Texas 379th Judicial District Court
texdistct381	ST	Texas 380th Judicial District Court
texdistct382	ST	Texas 381st Judicial District Court
texdistct383	ST	Texas 382nd Judicial District Court
texdistct384	ST	Texas 383rd Judicial District Court
texdistct385	ST	Texas 384th Judicial District Court
texdistct386	ST	Texas 385th Judicial District Court
texdistct387	ST	Texas 386th Judicial District Court
texdistct388	ST	Texas 387th Judicial District Court
texdistct389	ST	Texas 388th Judicial District Court
texdistct39	ST	Texas 38th Judicial District Court
texdistct390	ST	Texas 389th Judicial District Court
texdistct391	ST	Texas 390th Judicial District Court
texdistct392	ST	Texas 391st Judicial District Court
texdistct393	ST	Texas 392nd Judicial District Court
texdistct394	ST	Texas 393rd Judicial District Court
texdistct395	ST	Texas 394th Judicial District Court
texdistct396	ST	Texas 395th Judicial District Court
texdistct397	ST	Texas 396th Judicial District Court
texdistct398	ST	Texas 397th Judicial District Court
texdistct399	ST	Texas 398th Judicial District Court
texdistct4	ST	Texas 3rd Judicial District Court
texdistct40	ST	Texas 39th Judicial District Court
texdistct400	ST	Texas 399th Judicial District Court
texdistct401	ST	Texas 400th Judicial District Court
texdistct402	ST	Texas 401st Judicial District Court
texdistct403	ST	Texas 402nd Judicial District Court
texdistct404	ST	Texas 403rd Judicial District Court
texdistct405	ST	Texas 404th Judicial District Court
texdistct406	ST	Texas 405th Judicial District Court
texdistct407	ST	Texas 406th Judicial District Court
texdistct408	ST	Texas 407th Judicial District Court
texdistct409	ST	Texas 408th Judicial District Court
texdistct41	ST	Texas 40th Judicial District Court
texdistct410	ST	Texas 409th Judicial District Court
texdistct411	ST	Texas 410th Judicial District Court
texdistct412	ST	Texas 411th Judicial District Court
texdistct413	ST	Texas 412th Judicial District Court
texdistct414	ST	Texas 413th Judicial District Court
texdistct415	ST	Texas 414th Judicial District Court
texdistct416	ST	Texas 415th Judicial District Court
texdistct417	ST	Texas 416th Judicial District Court
texdistct418	ST	Texas 417th Judicial District Court
texdistct419	ST	Texas 418th Judicial District Court
texdistct42	ST	Texas 41st Judicial District Court
texdistct420	ST	Texas 419th Judicial District Court
texdistct421	ST	Texas 420th Judicial District Court
texdistct422	ST	Texas 421st Judicial District Court
texdistct423	ST	Texas 422nd Judicial District Court
texdistct424	ST	Texas 423rd Judicial District Court
texdistct425	ST	Texas 424th Judicial District Court
texdistct426	ST	Texas 425th Judicial District Court
texdistct427	ST	Texas 426th Judicial District Court
texdistct428	ST	Texas 427th Judicial District Court
texdistct429	ST	Texas 428th Judicial District Court
texdistct43	ST	Texas 42nd Judicial District Court
texdistct430	ST	Texas 429th Judicial District Court
texdistct431	ST	Texas 430th Judicial District Court
texdistct432	ST	Texas 431st Judicial District Court
texdistct433	ST	Texas 432nd Judicial District Court
texdistct434	ST	Texas 433rd Judicial District Court
texdistct435	ST	Texas 434th Judicial District Court
texdistct436	ST	Texas 435th Judicial District Court
texdistct437	ST	Texas 436th Judicial District Court
texdistct438	ST	Texas 437th Judicial District Court
texdistct439	ST	Texas 438th Judicial District Court
texdistct44	ST	Texas 43rd Judicial District Court
texdistct440	ST	Texas 439th Judicial District Court
texdistct441	ST	Texas 440th Judicial District Court
texdistct442	ST	Texas 441st Judicial District Court
texdistct443	ST	Texas 442nd Judicial District Court
texdistct444	ST	Texas 443rd Judicial District Court
texdistct445	ST	Texas 444th Judicial District Court
texdistct446	ST	Texas 445th Judicial District Court
texdistct447	ST	Texas 446th Judicial District Court
texdistct448	ST	Texas 447th Judicial District Court
texdistct449	ST	Texas 448th Judicial District Court
texdistct45	ST	Texas 44th Judicial District Court
texdistct450	ST	Texas 449th Judicial District Court
texdistct451	ST	Texas 450th Judicial District Court
texdistct452	ST	Texas 451st Judicial District Court
texdistct453	ST	Texas 452nd Judicial District Court
texdistct454	ST	Texas 453rd Judicial District Court
texdistct455	ST	Texas 454th Judicial District Court
texdistct456	ST	Texas 455th Judicial District Court
texdistct457	ST	Texas 456th Judicial District Court
texdistct458	ST	Texas 457th Judicial District Court
texdistct459	ST	Texas 458th Judicial District Court
texdistct46	ST	Texas 45th Judicial District Court
texdistct460	ST	Texas 459th Judicial District Court
texdistct461	ST	Texas 460th Judicial District Court
texdistct462	ST	Texas 461st Judicial District Court
texdistct463	ST	Texas 462nd Judicial District Court
texdistct464	ST	Texas 463rd Judicial District Court
texdistct465	ST	Texas 464th Judicial District Court
texdistct466	ST	Texas 465th Judicial District Court
texdistct467	ST	Texas 466th Judicial District Court
texdistct468	ST	Texas 467th Judicial District Court
texdistct469	ST	Texas 468th Judicial District Court
texdistct47	ST	Texas 46th Judicial District Court
texdistct470	ST	Texas 469th Judicial District Court
texdistct471	ST	Texas 470th Judicial District Court
texdistct472	ST	Texas 471st Judicial District Court
texdistct473	ST	Texas 472nd Judicial District Court
texdistct474	ST	Texas 473rd Judicial District Court
texdistct475	ST	Texas 474th Judicial District Court
texdistct476	ST	Texas 475th Judicial District Court
texdistct477	ST	Texas 476th Judicial District Court
texdistct478	ST	Texas 477th Judicial District Court
texdistct479	ST	Texas 478th Judicial District Court
texdistct48	ST	Texas 47th Judicial District Court
texdistct480	ST	Texas 479th Judicial District Court
texdistct481	ST	Texas 480th Judicial District Court
texdistct482	ST	Texas 481st Judicial District Court
texdistct483	ST	Texas 482nd Judicial District Court
texdistct484	ST	Texas 483rd Judicial District Court
texdistct485	ST	Texas 484th Judicial District Court
texdistct486	ST	Texas 485th Judicial District Court
texdistct487	ST	Texas 486th Judicial District Court
texdistct488	ST	Texas 487th Judicial District Court
texdistct489	ST	Texas 488th Judicial District Court
texdistct49	ST	Texas 48th Judicial District Court
texdistct490	ST	Texas 489th Judicial District Court
texdistct491	ST	Texas 490th Judicial District Court
texdistct492	ST	Texas 491st Judicial District Court
texdistct493	ST	Texas 492nd Judicial District Court
texdistct494	ST	Texas 493rd Judicial District Court
texdistct495	ST	Texas 494th Judicial District Court
texdistct496	ST	Texas 495th Judicial District Court
texdistct497	ST	Texas 496th Judicial District Court
texdistct498	ST	Texas 497th Judicial District Court
texdistct499	ST	Texas 498th Judicial District Court
texdistct5	ST	Texas 4th Judicial District Court
texdistct50	ST	Texas 49th Judicial District Court
texdistct500	ST	Texas 499th Judicial District Court
texdistct501	ST	Texas 500th Judicial District Court
texdistct502	ST	Texas 501st Judicial District Court
texdistct503	ST	Texas 502nd Judicial District Court
texdistct504	ST	Texas 503rd Judicial District Court
texdistct505	ST	Texas 504th Judicial District Court
texdistct506	ST	Texas 505th Judicial District Court
texdistct507	ST	Texas 506th Judicial District Court
texdistct508	ST	Texas 507th Judicial District Court
texdistct51	ST	Texas 50th Judicial District Court
texdistct52	ST	Texas 51st Judicial District Court
texdistct53	ST	Texas 52nd Judicial District Court
texdistct54	ST	Texas 53rd Judicial District Court
texdistct55	ST	Texas 54th Judicial District Court
texdistct56	ST	Texas 55th Judicial District Court
texdistct57	ST	Texas 56th Judicial District Court
texdistct58	ST	Texas 57th Judicial District Court
texdistct59	ST	Texas 58th Judicial District Court
texdistct6	ST	Texas 5th Judicial District Court
texdistct60	ST	Texas 59th Judicial District Court
texdistct61	ST	Texas 60th Judicial District Court
texdistct62	ST	Texas 61st Judicial District Court
texdistct63	ST	Texas 62nd Judicial District Court
texdistct64	ST	Texas 63rd Judicial District Court
texdistct65	ST	Texas 64th Judicial District Court
texdistct66	ST	Texas 65th Judicial District Court
texdistct67	ST	Texas 66th Judicial District Court
texdistct68	ST	Texas 67th Judicial District Court
texdistct69	ST	Texas 68th Judicial District Court
texdistct7	ST	Texas 6th Judicial District Court
texdistct70	ST	Texas 69th Judicial District Court
texdistct71	ST	Texas 70th Judicial District Court
texdistct72	ST	Texas 71st Judicial District Court
texdistct73	ST	Texas 72nd Judicial District Court
texdistct74	ST	Texas 73rd Judicial District Court
texdistct75	ST	Texas 74th Judicial District Court
texdistct76	ST	Texas 75th Judicial District Court
texdistct77	ST	Texas 76th Judicial District Court
texdistct78	ST	Texas 77th Judicial District Court
texdistct79	ST	Texas 78th Judicial District Court
texdistct8	ST	Texas 7th Judicial District Court
texdistct80	ST	Texas 79th Judicial District Court
texdistct81	ST	Texas 80th Judicial District Court
texdistct82	ST	Texas 81st Judicial District Court
texdistct83	ST	Texas 82nd Judicial District Court
texdistct84	ST	Texas 83rd Judicial District Court
texdistct85	ST	Texas 84th Judicial District Court
texdistct86	ST	Texas 85th Judicial District Court
texdistct87	ST	Texas 86th Judicial District Court
texdistct88	ST	Texas 87th Judicial District Court
texdistct89	ST	Texas 88th Judicial District Court
texdistct9	ST	Texas 8th Judicial District Court
texdistct90	ST	Texas 89th Judicial District Court
texdistct91	ST	Texas 90th Judicial District Court
texdistct92	ST	Texas 91st Judicial District Court
texdistct93	ST	Texas 92nd Judicial District Court
texdistct94	ST	Texas 93rd Judicial District Court
texdistct95	ST	Texas 94th Judicial District Court
texdistct96	ST	Texas 95th Judicial District Court
texdistct97	ST	Texas 96th Judicial District Court
texdistct98	ST	Texas 97th Judicial District Court
texdistct99	ST	Texas 98th Judicial District Court
texprobct	ST	Texas Probate Court
texprobct1	ST	Texas Probate Court, Dallas No. 2
trinitydistct	ST	Trinity District Court
vacc	ST	Virginia Circuit Court
vaccaccomack	ST	Accomack County Circuit Court
vaccalbemarle	ST	Albemarle County Circuit Court
vaccalexandria	ST	Alexandria County Circuit Court
vaccalleghany	ST	Alleghany County Circuit Court
vaccamelia	ST	Amelia County Circuit Court
vaccamherst	ST	Amherst County Circuit Court
vaccarlington	ST	Arlington County Circuit Court
vaccaugusta	ST	Augusta County Circuit Court
vaccbath	ST	Bath County Circuit Court
vaccbedford	ST	Bedford County Circuit Court
vaccbotetourt	ST	Botetourt County Circuit Court
vaccbristol	ST	Bristol County Circuit Court
vaccbrunswick	ST	Brunswick County Circuit Court
vaccbuchanan	ST	Buchanan County Circuit Court
vaccbuckingham	ST	Buckingham County Circuit Court
vacccampbell	ST	Campbell County Circuit Court
vacccaroline	ST	Caroline County Circuit Court
vacccarroll	ST	Carroll County Circuit Court
vacccharles	ST	Charles City County Circuit Court
vacccharlottesv	ST	Charlottesville County Circuit Court
vaccchesapeake	ST	Chesapeake County Circuit Court
vaccchesterfiel	ST	Chesterfield County Circuit Court
vaccclarke	ST	Clarke County Circuit Court
vacccolonialh	ST	Colonial Heights County Circuit Court
vacccraig	ST	Craig County Circuit Court
vaccculpeper	ST	Culpeper County Circuit Court
vaccdanville	ST	Danville County Circuit Court
vaccdickenson	ST	Dickenson County Circuit Court
vaccdinwiddie	ST	Dinwiddie County Circuit Court
vaccessex	ST	Essex County Circuit Court
vaccfairfax	ST	Fairfax County Circuit Court
vaccfauquier	ST	Fauquier County Circuit Court
vaccfloyd	ST	Floyd County Circuit Court
vaccfluvanna	ST	Fluvanna County Circuit Court
vaccfranklin	ST	Franklin County Circuit Court
vaccfrederick	ST	Frederick County Circuit Court
vaccfredericksb	ST	Fredericksburg County Circuit Court
vaccgiles	ST	Giles County Circuit Court
vaccgloucester	ST	Gloucester County Circuit Court
vaccgoochland	ST	Goochland County Circuit Court
vaccgrayson	ST	Grayson County Circuit Court
vaccgreene	ST	Greene County Circuit Court
vaccgreensville	ST	Greensville County Circuit Court
vacchalifax	ST	Halifax County Circuit Court
vacchampton	ST	Hampton County Circuit Court
vacchanover	ST	Hanover County Circuit Court
vacchenrico	ST	Henrico County Circuit Court
vacchenry	ST	Henry County Circuit Court
vacchighland	ST	Highland County Circuit Court
vacchopewell	ST	Hopewell County Circuit Court
vaccisle	ST	Isle of Wight County Circuit Court
vacckinggeorge	ST	King George County Circuit Court
vacckingwilliam	ST	King William County Circuit Court
vacclancaster	ST	Lancaster County Circuit Court
vaccloudoun	ST	Loudoun County Circuit Court
vacclouisa	ST	Louisa County Circuit Court
vacclynchburg	ST	Lynchburg County Circuit Court
vaccmadison	ST	Madison County Circuit Court
vaccmartinsvill	ST	Martinsville County Circuit Court
vaccmathews	ST	Mathews County Circuit Court
vaccmecklenburg	ST	Mecklenburg County Circuit Court
vaccmiddlesex	ST	Middlesex County Circuit Court
vaccmontgomery	ST	Montgomery County Circuit Court
vaccnelson	ST	Nelson County Circuit Court
vaccnewkent	ST	New Kent County Circuit Court
vaccnewportnew	ST	Newport News County Circuit Court
vaccnorfolk	ST	Norfolk County Circuit Court
vaccnorthampton	ST	Northampton County Circuit Court
vaccnorthumberl	ST	Northumberland County Circuit Court
vaccnottoway	ST	Nottoway County Circuit Court
vaccpage	ST	Page County Circuit Court
vaccpatrick	ST	Patrick County Circuit Court
vaccpetersburg	ST	Petersburg County Circuit Court
vaccpittsylvani	ST	Pittsylvania County Circuit Court
vaccportsmouth	ST	Portsmouth County Circuit Court
vaccpowhatan	ST	Powhatan County Circuit Court
vaccprinceedwa	ST	Prince Edward County Circuit Court
vaccprincegeo	ST	Prince George County Circuit Court
vaccprincewill	ST	Prince William County Circuit Court
vaccpulaski	ST	Pulaski County Circuit Court
vaccradford	ST	Radford County Circuit Court
vaccrappahannoc	ST	Rappahannock County Circuit Court
vaccrichcity	ST	Richmond City Circuit Court
vaccrichmondcty	ST	Richmond County Circuit Court
vaccroanokecty	ST	Roanoke County Circuit Court
vaccrockbridge	ST	Rockbridge County Circuit Court
vaccrockingham	ST	Rockingham County Circuit Court
vaccrussell	ST	Russell County Circuit Court
vaccsalem	ST	Salem County Circuit Court
vaccscott	ST	Scott County Circuit Court
vaccshenandoah	ST	Shenandoah County Circuit Court
vaccsmyth	ST	Smyth County Circuit Court
vaccsouthampton	ST	Southampton County Circuit Court
vaccspotsylvani	ST	Spotsylvania County Circuit Court
vaccstafford	ST	Stafford County Circuit Court
vaccstaunton	ST	Staunton County Circuit Court
vaccsuffolk	ST	Suffolk County Circuit Court
vaccsurry	ST	Surry County Circuit Court
vaccsussex	ST	Sussex County Circuit Court
vacctazewell	ST	Tazewell County Circuit Court
vaccvabeach	ST	Virginia Beach County Circuit Court
vaccwarren	ST	Warren County Circuit Court
vaccwashington	ST	Washington County Circuit Court
vaccwaynesboro	ST	Waynesboro County Circuit Court
vaccwestmorelan	ST	Westmoreland County Circuit Court
vaccwilliams	ST	Williamsburg and James County Circuit Court
vaccwinchester	ST	Winchester County Circuit Court
vaccwise	ST	Wise & Norton County Circuit Court
vaccwythe	ST	Wythe County Circuit Court
vaccyork	ST	York County Poquoson County Circuit Court
vachanct	ST	Virginia Chancery Court
vachanctnorf	ST	Norfolk Chancery Court, Virginia
vachanctrich	ST	Richmond Chancery Court, Virginia
vacorpct	ST	Virginia Coporation Court
vacorpctradford	ST	Radford Corporation Court, Va.
vacorpctsbris	ST	Bristol Corporation Court, Va.
vacorpctslynch	ST	Lynchburg Corporation Court, Va.
vacorpctsnorf	ST	South Norfolk Corporation Court, Va.
vacorpctwinche	ST	Winchester Corporation Court, Va.
vamedmalrevpan	ST	Medical Malpractice Review Panel
wvctcl	ST	West Virginia Court of Claims
yrekadistct	ST	Yreka District Court
yubadistct	ST	Yuba District Court
njcirctsussex	St	Sussex County Circuit Court, N.J.
psc	T	U.S. DISTRICT COURT for the PACER Training Site
test	T	Testing Supreme Court
prapp	TA	Tribunal De Apelaciones De Puerto Rico/Court of Appeals of Puerto Rico
superctguam	TA	Superior Court of Guam
cherokeeapp	TRA	Cherokee Nation Judicial Appeals Tribunal
cheyrsiouxctapp	TRA	Cheyenne River Sioux Tribal Court of Appeals
colvctapp	TRA	Colville Confederated Court of Appeals
ftmcdowctapp	TRA	Fort McDowell Yavapai Nation Tribal Court of Appeals
ftpeckctapp	TRA	Fort Peck Appellate Court
grrondectapp	TRA	Grand Ronde Court of Appeals
grtravbandct	TRA	Grand Traverse Band of Ottawa and Chippewa Indians Tribal Court
grtravbandctapp	TRA	Grand Traverse Band of Ottawa & Chippewa Indians Tribal Appellate Court
hopiappct	TRA	Hopi Appellate Court
lrbottawactapp	TRA	Little River Band of Ottawa Indians Tribal Court of Appeals
moheganctapp	TRA	Mohegan Tribal Court of Appeals
mohegangctapp	TRA	Mohegan Gaming Disputes Court of Appeals
navajoctapp	TRA	Navajo Nation Court of Appeals
odawactapp	TRA	Little Traverse Bay Bands of Odawa Indians Tribal Appellate Court
oneidactapp	TRA	Oneida Appellate Court
salishctapp	TRA	Confederated Salish & Kootenai Court of Appeals
swinomishappct	TRA	Swinomish Tribal Court of Appeals
tulalipctapp	TRA	Tulalip Court of Appeals
cherokee	TRS	Cherokee Nation Supreme Court
echerkokee	TRS	Eastern Band of Cherokee Indians Supreme Court
ftmcdowell	TRS	Fort McDowell Supreme Court
hochunk	TRS	Ho-Chunk Nation Supreme Court
navajo	TRS	Navajo Nation Supreme Court
sacfoxsupct	TRS	Sac and Fox Nation Supreme Court
cherokeetribct	TRT	Cherokee Indian Tribal Court
coquct	TRT	Coquille Indian Tribal Court
echerokeect	TRT	Eastern Band of Cherokee Indians Tribal Court
ftpecktrialct	TRT	Fort Peck Tribal Court
grrondect	TRT	Grand Ronde Tribal Court
hochunkct	TRT	Ho-Chunk Nation Trial Court
leechojibtr	TRT	Leech Lake Band of Ojibwe Tribal Court
lrbottawact	TRT	Little River Band of Ottawa Indians Tribal Court
moheganct	TRT	Mohegan Trial Court
oneidatrialct	TRT	Oneida Tribal Judicial System, Trial Court
sacfoxdistct	TRT	Sac and Fox Nation District Court
shoaraphotr	TRT	Shoshone and Arapaho Tribal Court
swinomishtr	TRT	Swinomish Tribal Court
webchippewatr	TRT	White Earth Band of Chippewa Tribal Court
moheganelders	TRX	Council of Elders of the Mohegan Tribe
mohegangct	TRX	Mohegan Gaming Disputes Trial Court
navajochildct	TRX	Navajo Nation Children's Court
navajofamct	TRX	Navajo Nation Family Court
amsamoa	TS	High Court of American Samoa
guam	TS	Supreme Court of Guam
nmariana	TS	Supreme Court of The Commonwealth of The Northern Mariana Islands
prsupreme	TS	Supreme Court of Puerto Rico
virginislands	TS	Supreme Court of The Virgin Islands
amsamoatc	TT	American Samoa District Court
cnmisuperct	TT	Northern Mariana Islands Commonwealth Superior Court
cnmitrialct	TT	Northern Mariana Islands Commonwealth Trial Court
vimunict	TT	Municipal Court of The Virgin Islands
vipolct	TT	Police Court of The Virgin Islands
visuper	TT	Superior Court of The Virgin Islands
ohctapp1		Court of Appeals of Ohio, First District
